2026-05-20 17:31:38 +08:00: 
> chinahuib2b@0.1.0 start
> next start

2026-05-20 18:57:07 +08:00: 
> chinahuib2b@0.1.0 start
> next start

2026-05-20 18:57:42 +08:00:    ▲ Next.js 15.5.15
2026-05-20 18:57:42 +08:00:    - Local:        http://localhost:3001
2026-05-20 18:57:42 +08:00:    - Network:      http://0.0.0.0:3001
2026-05-20 18:57:42 +08:00: 
2026-05-20 18:57:42 +08:00:  ✓ Starting...
2026-05-20 18:57:42 +08:00:  ✓ Ready in 131ms
2026-05-20 20:54:50 +08:00:    ▲ Next.js 15.5.15
2026-05-20 20:54:50 +08:00:    - Local:        http://localhost:3001
2026-05-20 20:54:50 +08:00:    - Network:      http://0.0.0.0:3001
2026-05-20 20:54:50 +08:00: 
2026-05-20 20:54:50 +08:00:  ✓ Starting...
2026-05-20 20:54:50 +08:00:  ✓ Ready in 237ms
2026-05-20 22:46:18 +08:00:    ▲ Next.js 15.5.15
2026-05-20 22:46:18 +08:00:    - Local:        http://localhost:3001
2026-05-20 22:46:18 +08:00:    - Network:      http://0.0.0.0:3001
2026-05-20 22:46:18 +08:00: 
2026-05-20 22:46:18 +08:00:  ✓ Starting...
2026-05-20 22:46:18 +08:00:  ✓ Ready in 200ms
2026-05-20 22:47:03 +08:00:    ▲ Next.js 15.5.15
2026-05-20 22:47:03 +08:00:    - Local:        http://localhost:3001
2026-05-20 22:47:03 +08:00:    - Network:      http://192.168.2.2:3001
2026-05-20 22:47:03 +08:00: 
2026-05-20 22:47:03 +08:00:  ✓ Starting...
2026-05-20 22:47:04 +08:00:  ✓ Ready in 830ms
2026-05-20 23:16:59 +08:00:    ▲ Next.js 15.5.15
2026-05-20 23:16:59 +08:00:    - Local:        http://localhost:3001
2026-05-20 23:16:59 +08:00:    - Network:      http://192.168.2.2:3001
2026-05-20 23:16:59 +08:00: 
2026-05-20 23:16:59 +08:00:  ✓ Starting...
2026-05-20 23:16:59 +08:00:  ✓ Ready in 766ms
2026-05-21 23:04:33 +08:00:    ▲ Next.js 15.5.15
2026-05-21 23:04:33 +08:00:    - Local:        http://localhost:3001
2026-05-21 23:04:33 +08:00:    - Network:      http://192.168.2.2:3001
2026-05-21 23:04:33 +08:00: 
2026-05-21 23:04:33 +08:00:  ✓ Starting...
2026-05-21 23:04:34 +08:00:  ✓ Ready in 788ms
2026-05-22 08:23:09 +08:00:    ▲ Next.js 15.5.15
2026-05-22 08:23:09 +08:00:    - Local:        http://localhost:3001
2026-05-22 08:23:09 +08:00:    - Network:      http://192.168.2.2:3001
2026-05-22 08:23:09 +08:00: 
2026-05-22 08:23:09 +08:00:  ✓ Starting...
2026-05-22 08:23:09 +08:00:  ✓ Ready in 751ms
2026-05-22 11:58:23 +08:00:    ▲ Next.js 15.5.15
2026-05-22 11:58:23 +08:00:    - Local:        http://localhost:3001
2026-05-22 11:58:23 +08:00:    - Network:      http://192.168.2.2:3001
2026-05-22 11:58:23 +08:00: 
2026-05-22 11:58:23 +08:00:  ✓ Starting...
2026-05-22 11:58:23 +08:00:  ✓ Ready in 859ms
2026-05-22 12:48:50 +08:00:    ▲ Next.js 15.5.15
2026-05-22 12:48:50 +08:00:    - Local:        http://localhost:3001
2026-05-22 12:48:50 +08:00:    - Network:      http://192.168.2.2:3001
2026-05-22 12:48:50 +08:00: 
2026-05-22 12:48:50 +08:00:  ✓ Starting...
2026-05-22 12:48:50 +08:00:  ✓ Ready in 702ms
2026-05-22 12:54:55 +08:00:    ▲ Next.js 15.5.15
2026-05-22 12:54:55 +08:00:    - Local:        http://localhost:3001
2026-05-22 12:54:55 +08:00:    - Network:      http://192.168.2.2:3001
2026-05-22 12:54:55 +08:00: 
2026-05-22 12:54:55 +08:00:  ✓ Starting...
2026-05-22 12:54:55 +08:00:  ✓ Ready in 636ms
2026-05-22 14:46:57 +08:00:    ▲ Next.js 15.5.15
2026-05-22 14:46:57 +08:00:    - Local:        http://localhost:3001
2026-05-22 14:46:57 +08:00:    - Network:      http://192.168.2.2:3001
2026-05-22 14:46:57 +08:00: 
2026-05-22 14:46:57 +08:00:  ✓ Starting...
2026-05-22 14:46:57 +08:00:  ✓ Ready in 738ms
2026-05-22 22:45:58 +08:00:    ▲ Next.js 15.5.15
2026-05-22 22:45:58 +08:00:    - Local:        http://localhost:3001
2026-05-22 22:45:58 +08:00:    - Network:      http://192.168.2.2:3001
2026-05-22 22:45:58 +08:00: 
2026-05-22 22:45:58 +08:00:  ✓ Starting...
2026-07-28 11:22:01 +08:00: 
2026-07-28 11:22:01 +08:00: > chinahuib2b@0.1.0 start
2026-07-28 11:22:01 +08:00: > next start
2026-07-28 11:22:01 +08:00: 
2026-07-28 11:22:02 +08:00:    ▲ Next.js 15.5.18
2026-07-28 11:22:02 +08:00:    - Local:        http://localhost:3000
2026-07-28 11:22:02 +08:00: 
2026-07-28 11:22:02 +08:00:  ✓ Starting...
2026-07-28 11:22:05 +08:00: 
2026-07-28 11:22:05 +08:00: > chinahuib2b@0.1.0 start
2026-07-28 11:22:05 +08:00: > next start
2026-07-28 11:22:05 +08:00: 
2026-07-28 11:22:05 +08:00:    ▲ Next.js 15.5.18
2026-07-28 11:22:05 +08:00:    - Local:        http://localhost:3000
2026-07-28 11:22:05 +08:00: 
2026-07-28 11:22:05 +08:00:  ✓ Starting...
2026-07-28 11:22:07 +08:00: 
2026-07-28 11:22:07 +08:00: > chinahuib2b@0.1.0 start
2026-07-28 11:22:07 +08:00: > next start
2026-07-28 11:22:07 +08:00: 
2026-07-28 11:22:07 +08:00:    ▲ Next.js 15.5.18
2026-07-28 11:22:07 +08:00:    - Local:        http://localhost:3000
2026-07-28 11:22:07 +08:00: 
2026-07-28 11:22:07 +08:00:  ✓ Starting...
2026-07-28 11:22:10 +08:00: 
2026-07-28 11:22:10 +08:00: > chinahuib2b@0.1.0 start
2026-07-28 11:22:10 +08:00: > next start
2026-07-28 11:22:10 +08:00: 
2026-07-28 11:22:10 +08:00:    ▲ Next.js 15.5.18
2026-07-28 11:22:10 +08:00:    - Local:        http://localhost:3000
2026-07-28 11:22:10 +08:00: 
2026-07-28 11:22:10 +08:00:  ✓ Starting...
2026-07-28 11:22:14 +08:00: 
2026-07-28 11:22:14 +08:00: > chinahuib2b@0.1.0 start
2026-07-28 11:22:14 +08:00: > next start
2026-07-28 11:22:14 +08:00: 
2026-07-28 11:22:14 +08:00:    ▲ Next.js 15.5.18
2026-07-28 11:22:14 +08:00:    - Local:        http://localhost:3000
2026-07-28 11:22:14 +08:00: 
2026-07-28 11:22:14 +08:00:  ✓ Starting...
2026-07-28 11:22:20 +08:00: 
2026-07-28 11:22:20 +08:00: > chinahuib2b@0.1.0 start
2026-07-28 11:22:20 +08:00: > next start
2026-07-28 11:22:20 +08:00: 
2026-07-28 11:22:20 +08:00:    ▲ Next.js 15.5.18
2026-07-28 11:22:20 +08:00:    - Local:        http://localhost:3000
2026-07-28 11:22:20 +08:00: 
2026-07-28 11:22:20 +08:00:  ✓ Starting...
2026-07-28 11:22:28 +08:00: 
2026-07-28 11:22:28 +08:00: > chinahuib2b@0.1.0 start
2026-07-28 11:22:28 +08:00: > next start
2026-07-28 11:22:28 +08:00: 
2026-07-28 11:22:28 +08:00:    ▲ Next.js 15.5.18
2026-07-28 11:22:28 +08:00:    - Local:        http://localhost:3000
2026-07-28 11:22:28 +08:00:    - Network:      http://192.168.43.11:3000
2026-07-28 11:22:28 +08:00: 
2026-07-28 11:22:28 +08:00:  ✓ Starting...
2026-07-28 11:22:41 +08:00: 
2026-07-28 11:22:41 +08:00: > chinahuib2b@0.1.0 start
2026-07-28 11:22:41 +08:00: > next start
2026-07-28 11:22:41 +08:00: 
2026-07-28 11:22:41 +08:00:    ▲ Next.js 15.5.18
2026-07-28 11:22:41 +08:00:    - Local:        http://localhost:3000
2026-07-28 11:22:41 +08:00:    - Network:      http://192.168.43.11:3000
2026-07-28 11:22:41 +08:00: 
2026-07-28 11:22:41 +08:00:  ✓ Starting...
2026-07-28 11:22:57 +08:00: 
2026-07-28 11:22:57 +08:00: > chinahuib2b@0.1.0 start
2026-07-28 11:22:57 +08:00: > next start
2026-07-28 11:22:57 +08:00: 
2026-07-28 11:22:57 +08:00:    ▲ Next.js 15.5.18
2026-07-28 11:22:57 +08:00:    - Local:        http://localhost:3000
2026-07-28 11:22:57 +08:00:    - Network:      http://192.168.43.11:3000
2026-07-28 11:22:57 +08:00: 
2026-07-28 11:22:57 +08:00:  ✓ Starting...
2026-07-28 11:23:13 +08:00: 
2026-07-28 11:23:13 +08:00: > chinahuib2b@0.1.0 start
2026-07-28 11:23:13 +08:00: > next start
2026-07-28 11:23:13 +08:00: 
2026-07-28 11:23:13 +08:00:    ▲ Next.js 15.5.18
2026-07-28 11:23:13 +08:00:    - Local:        http://localhost:3000
2026-07-28 11:23:13 +08:00:    - Network:      http://192.168.43.11:3000
2026-07-28 11:23:13 +08:00: 
2026-07-28 11:23:13 +08:00:  ✓ Starting...
2026-07-28 11:23:28 +08:00: 
2026-07-28 11:23:28 +08:00: > chinahuib2b@0.1.0 start
2026-07-28 11:23:28 +08:00: > next start
2026-07-28 11:23:28 +08:00: 
2026-07-28 11:23:29 +08:00:    ▲ Next.js 15.5.18
2026-07-28 11:23:29 +08:00:    - Local:        http://localhost:3000
2026-07-28 11:23:29 +08:00:    - Network:      http://192.168.43.11:3000
2026-07-28 11:23:29 +08:00: 
2026-07-28 11:23:29 +08:00:  ✓ Starting...
2026-07-28 11:23:44 +08:00: 
2026-07-28 11:23:44 +08:00: > chinahuib2b@0.1.0 start
2026-07-28 11:23:44 +08:00: > next start
2026-07-28 11:23:44 +08:00: 
2026-07-28 11:23:44 +08:00:    ▲ Next.js 15.5.18
2026-07-28 11:23:44 +08:00:    - Local:        http://localhost:3000
2026-07-28 11:23:44 +08:00:    - Network:      http://192.168.43.11:3000
2026-07-28 11:23:44 +08:00: 
2026-07-28 11:23:44 +08:00:  ✓ Starting...
2026-07-28 11:24:00 +08:00: 
2026-07-28 11:24:00 +08:00: > chinahuib2b@0.1.0 start
2026-07-28 11:24:00 +08:00: > next start
2026-07-28 11:24:00 +08:00: 
2026-07-28 11:24:00 +08:00:    ▲ Next.js 15.5.18
2026-07-28 11:24:00 +08:00:    - Local:        http://localhost:3000
2026-07-28 11:24:00 +08:00:    - Network:      http://192.168.43.11:3000
2026-07-28 11:24:00 +08:00: 
2026-07-28 11:24:00 +08:00:  ✓ Starting...
2026-07-28 11:24:16 +08:00: 
2026-07-28 11:24:16 +08:00: > chinahuib2b@0.1.0 start
2026-07-28 11:24:16 +08:00: > next start
2026-07-28 11:24:16 +08:00: 
2026-07-28 11:24:16 +08:00:    ▲ Next.js 15.5.18
2026-07-28 11:24:16 +08:00:    - Local:        http://localhost:3000
2026-07-28 11:24:16 +08:00:    - Network:      http://192.168.43.11:3000
2026-07-28 11:24:16 +08:00: 
2026-07-28 11:24:16 +08:00:  ✓ Starting...
2026-07-28 11:24:31 +08:00: 
2026-07-28 11:24:31 +08:00: > chinahuib2b@0.1.0 start
2026-07-28 11:24:31 +08:00: > next start
2026-07-28 11:24:31 +08:00: 
2026-07-28 11:24:31 +08:00:    ▲ Next.js 15.5.18
2026-07-28 11:24:31 +08:00:    - Local:        http://localhost:3000
2026-07-28 11:24:31 +08:00:    - Network:      http://192.168.43.11:3000
2026-07-28 11:24:31 +08:00: 
2026-07-28 11:24:31 +08:00:  ✓ Starting...
2026-07-28 11:24:47 +08:00: 
2026-07-28 11:24:47 +08:00: > chinahuib2b@0.1.0 start
2026-07-28 11:24:47 +08:00: > next start
2026-07-28 11:24:47 +08:00: 
2026-07-28 11:24:47 +08:00:    ▲ Next.js 15.5.18
2026-07-28 11:24:47 +08:00:    - Local:        http://localhost:3000
2026-07-28 11:24:47 +08:00:    - Network:      http://192.168.43.11:3000
2026-07-28 11:24:47 +08:00: 
2026-07-28 11:24:47 +08:00:  ✓ Starting...
2026-07-28 11:25:03 +08:00: 
2026-07-28 11:25:03 +08:00: > chinahuib2b@0.1.0 start
2026-07-28 11:25:03 +08:00: > next start
2026-07-28 11:25:03 +08:00: 
2026-07-28 11:25:03 +08:00:    ▲ Next.js 15.5.18
2026-07-28 11:25:03 +08:00:    - Local:        http://localhost:3000
2026-07-28 11:25:03 +08:00:    - Network:      http://192.168.43.11:3000
2026-07-28 11:25:03 +08:00: 
2026-07-28 11:25:03 +08:00:  ✓ Starting...
2026-07-28 11:25:19 +08:00: 
2026-07-28 11:25:19 +08:00: > chinahuib2b@0.1.0 start
2026-07-28 11:25:19 +08:00: > next start
2026-07-28 11:25:19 +08:00: 
2026-07-28 11:25:19 +08:00:    ▲ Next.js 15.5.18
2026-07-28 11:25:19 +08:00:    - Local:        http://localhost:3000
2026-07-28 11:25:19 +08:00:    - Network:      http://192.168.43.11:3000
2026-07-28 11:25:19 +08:00: 
2026-07-28 11:25:19 +08:00:  ✓ Starting...
2026-07-28 11:25:34 +08:00: 
2026-07-28 11:25:34 +08:00: > chinahuib2b@0.1.0 start
2026-07-28 11:25:34 +08:00: > next start
2026-07-28 11:25:34 +08:00: 
2026-07-28 11:25:35 +08:00:    ▲ Next.js 15.5.18
2026-07-28 11:25:35 +08:00:    - Local:        http://localhost:3000
2026-07-28 11:25:35 +08:00:    - Network:      http://192.168.43.11:3000
2026-07-28 11:25:35 +08:00: 
2026-07-28 11:25:35 +08:00:  ✓ Starting...
2026-07-28 11:25:50 +08:00: 
2026-07-28 11:25:50 +08:00: > chinahuib2b@0.1.0 start
2026-07-28 11:25:50 +08:00: > next start
2026-07-28 11:25:50 +08:00: 
2026-07-28 11:25:50 +08:00:    ▲ Next.js 15.5.18
2026-07-28 11:25:50 +08:00:    - Local:        http://localhost:3000
2026-07-28 11:25:50 +08:00:    - Network:      http://192.168.43.11:3000
2026-07-28 11:25:50 +08:00: 
2026-07-28 11:25:50 +08:00:  ✓ Starting...
2026-07-28 11:26:06 +08:00: 
2026-07-28 11:26:06 +08:00: > chinahuib2b@0.1.0 start
2026-07-28 11:26:06 +08:00: > next start
2026-07-28 11:26:06 +08:00: 
2026-07-28 11:26:06 +08:00:    ▲ Next.js 15.5.18
2026-07-28 11:26:06 +08:00:    - Local:        http://localhost:3000
2026-07-28 11:26:06 +08:00:    - Network:      http://192.168.43.11:3000
2026-07-28 11:26:06 +08:00: 
2026-07-28 11:26:06 +08:00:  ✓ Starting...
2026-07-28 11:26:21 +08:00: 
2026-07-28 11:26:21 +08:00: > chinahuib2b@0.1.0 start
2026-07-28 11:26:21 +08:00: > next start
2026-07-28 11:26:21 +08:00: 
2026-07-28 11:26:22 +08:00:    ▲ Next.js 15.5.18
2026-07-28 11:26:22 +08:00:    - Local:        http://localhost:3000
2026-07-28 11:26:22 +08:00:    - Network:      http://192.168.43.11:3000
2026-07-28 11:26:22 +08:00: 
2026-07-28 11:26:22 +08:00:  ✓ Starting...
2026-07-28 11:26:37 +08:00: 
2026-07-28 11:26:37 +08:00: > chinahuib2b@0.1.0 start
2026-07-28 11:26:37 +08:00: > next start
2026-07-28 11:26:37 +08:00: 
2026-07-28 11:26:37 +08:00:    ▲ Next.js 15.5.18
2026-07-28 11:26:37 +08:00:    - Local:        http://localhost:3000
2026-07-28 11:26:37 +08:00:    - Network:      http://192.168.43.11:3000
2026-07-28 11:26:37 +08:00: 
2026-07-28 11:26:37 +08:00:  ✓ Starting...
2026-07-28 11:26:53 +08:00: 
2026-07-28 11:26:53 +08:00: > chinahuib2b@0.1.0 start
2026-07-28 11:26:53 +08:00: > next start
2026-07-28 11:26:53 +08:00: 
2026-07-28 11:26:53 +08:00:    ▲ Next.js 15.5.18
2026-07-28 11:26:53 +08:00:    - Local:        http://localhost:3000
2026-07-28 11:26:53 +08:00:    - Network:      http://192.168.43.11:3000
2026-07-28 11:26:53 +08:00: 
2026-07-28 11:26:53 +08:00:  ✓ Starting...
2026-07-28 11:27:09 +08:00: 
2026-07-28 11:27:09 +08:00: > chinahuib2b@0.1.0 start
2026-07-28 11:27:09 +08:00: > next start
2026-07-28 11:27:09 +08:00: 
2026-07-28 11:27:09 +08:00:    ▲ Next.js 15.5.18
2026-07-28 11:27:09 +08:00:    - Local:        http://localhost:3000
2026-07-28 11:27:09 +08:00:    - Network:      http://192.168.43.11:3000
2026-07-28 11:27:09 +08:00: 
2026-07-28 11:27:09 +08:00:  ✓ Starting...
2026-07-28 11:27:25 +08:00: 
2026-07-28 11:27:25 +08:00: > chinahuib2b@0.1.0 start
2026-07-28 11:27:25 +08:00: > next start
2026-07-28 11:27:25 +08:00: 
2026-07-28 11:27:25 +08:00:    ▲ Next.js 15.5.18
2026-07-28 11:27:25 +08:00:    - Local:        http://localhost:3000
2026-07-28 11:27:25 +08:00:    - Network:      http://192.168.43.11:3000
2026-07-28 11:27:25 +08:00: 
2026-07-28 11:27:25 +08:00:  ✓ Starting...
2026-07-28 11:27:40 +08:00: 
2026-07-28 11:27:40 +08:00: > chinahuib2b@0.1.0 start
2026-07-28 11:27:40 +08:00: > next start
2026-07-28 11:27:40 +08:00: 
2026-07-28 11:27:41 +08:00:    ▲ Next.js 15.5.18
2026-07-28 11:27:41 +08:00:    - Local:        http://localhost:3000
2026-07-28 11:27:41 +08:00:    - Network:      http://192.168.43.11:3000
2026-07-28 11:27:41 +08:00: 
2026-07-28 11:27:41 +08:00:  ✓ Starting...
2026-07-28 11:27:56 +08:00: 
2026-07-28 11:27:56 +08:00: > chinahuib2b@0.1.0 start
2026-07-28 11:27:56 +08:00: > next start
2026-07-28 11:27:56 +08:00: 
2026-07-28 11:27:56 +08:00:    ▲ Next.js 15.5.18
2026-07-28 11:27:56 +08:00:    - Local:        http://localhost:3000
2026-07-28 11:27:56 +08:00:    - Network:      http://192.168.43.11:3000
2026-07-28 11:27:56 +08:00: 
2026-07-28 11:27:56 +08:00:  ✓ Starting...
2026-07-28 11:28:12 +08:00: 
2026-07-28 11:28:12 +08:00: > chinahuib2b@0.1.0 start
2026-07-28 11:28:12 +08:00: > next start
2026-07-28 11:28:12 +08:00: 
2026-07-28 11:28:12 +08:00:    ▲ Next.js 15.5.18
2026-07-28 11:28:12 +08:00:    - Local:        http://localhost:3000
2026-07-28 11:28:12 +08:00:    - Network:      http://192.168.43.11:3000
2026-07-28 11:28:12 +08:00: 
2026-07-28 11:28:12 +08:00:  ✓ Starting...
2026-07-28 11:28:28 +08:00: 
2026-07-28 11:28:28 +08:00: > chinahuib2b@0.1.0 start
2026-07-28 11:28:28 +08:00: > next start
2026-07-28 11:28:28 +08:00: 
2026-07-28 11:28:28 +08:00:    ▲ Next.js 15.5.18
2026-07-28 11:28:28 +08:00:    - Local:        http://localhost:3000
2026-07-28 11:28:28 +08:00:    - Network:      http://192.168.43.11:3000
2026-07-28 11:28:28 +08:00: 
2026-07-28 11:28:28 +08:00:  ✓ Starting...
2026-07-28 11:28:43 +08:00: 
2026-07-28 11:28:43 +08:00: > chinahuib2b@0.1.0 start
2026-07-28 11:28:43 +08:00: > next start
2026-07-28 11:28:43 +08:00: 
2026-07-28 11:28:44 +08:00:    ▲ Next.js 15.5.18
2026-07-28 11:28:44 +08:00:    - Local:        http://localhost:3000
2026-07-28 11:28:44 +08:00:    - Network:      http://192.168.43.11:3000
2026-07-28 11:28:44 +08:00: 
2026-07-28 11:28:44 +08:00:  ✓ Starting...
2026-07-28 11:28:59 +08:00: 
2026-07-28 11:28:59 +08:00: > chinahuib2b@0.1.0 start
2026-07-28 11:28:59 +08:00: > next start
2026-07-28 11:28:59 +08:00: 
2026-07-28 11:28:59 +08:00:    ▲ Next.js 15.5.18
2026-07-28 11:28:59 +08:00:    - Local:        http://localhost:3000
2026-07-28 11:28:59 +08:00:    - Network:      http://192.168.43.11:3000
2026-07-28 11:28:59 +08:00: 
2026-07-28 11:28:59 +08:00:  ✓ Starting...
2026-07-28 11:29:15 +08:00: 
2026-07-28 11:29:15 +08:00: > chinahuib2b@0.1.0 start
2026-07-28 11:29:15 +08:00: > next start
2026-07-28 11:29:15 +08:00: 
2026-07-28 11:29:15 +08:00:    ▲ Next.js 15.5.18
2026-07-28 11:29:15 +08:00:    - Local:        http://localhost:3000
2026-07-28 11:29:15 +08:00:    - Network:      http://192.168.43.11:3000
2026-07-28 11:29:15 +08:00: 
2026-07-28 11:29:15 +08:00:  ✓ Starting...
2026-07-28 11:29:31 +08:00: 
2026-07-28 11:29:31 +08:00: > chinahuib2b@0.1.0 start
2026-07-28 11:29:31 +08:00: > next start
2026-07-28 11:29:31 +08:00: 
2026-07-28 11:29:31 +08:00:    ▲ Next.js 15.5.18
2026-07-28 11:29:31 +08:00:    - Local:        http://localhost:3000
2026-07-28 11:29:31 +08:00:    - Network:      http://192.168.43.11:3000
2026-07-28 11:29:31 +08:00: 
2026-07-28 11:29:31 +08:00:  ✓ Starting...
2026-07-28 11:29:46 +08:00: 
2026-07-28 11:29:46 +08:00: > chinahuib2b@0.1.0 start
2026-07-28 11:29:46 +08:00: > next start
2026-07-28 11:29:46 +08:00: 
2026-07-28 11:29:47 +08:00:    ▲ Next.js 15.5.18
2026-07-28 11:29:47 +08:00:    - Local:        http://localhost:3000
2026-07-28 11:29:47 +08:00:    - Network:      http://192.168.43.11:3000
2026-07-28 11:29:47 +08:00: 
2026-07-28 11:29:47 +08:00:  ✓ Starting...
2026-07-28 11:30:02 +08:00: 
2026-07-28 11:30:02 +08:00: > chinahuib2b@0.1.0 start
2026-07-28 11:30:02 +08:00: > next start
2026-07-28 11:30:02 +08:00: 
2026-07-28 11:30:02 +08:00:    ▲ Next.js 15.5.18
2026-07-28 11:30:02 +08:00:    - Local:        http://localhost:3000
2026-07-28 11:30:02 +08:00:    - Network:      http://192.168.43.11:3000
2026-07-28 11:30:02 +08:00: 
2026-07-28 11:30:02 +08:00:  ✓ Starting...
2026-07-28 11:30:18 +08:00: 
2026-07-28 11:30:18 +08:00: > chinahuib2b@0.1.0 start
2026-07-28 11:30:18 +08:00: > next start
2026-07-28 11:30:18 +08:00: 
2026-07-28 11:30:18 +08:00:    ▲ Next.js 15.5.18
2026-07-28 11:30:18 +08:00:    - Local:        http://localhost:3000
2026-07-28 11:30:18 +08:00:    - Network:      http://192.168.43.11:3000
2026-07-28 11:30:18 +08:00: 
2026-07-28 11:30:18 +08:00:  ✓ Starting...
2026-07-28 11:30:34 +08:00: 
2026-07-28 11:30:34 +08:00: > chinahuib2b@0.1.0 start
2026-07-28 11:30:34 +08:00: > next start
2026-07-28 11:30:34 +08:00: 
2026-07-28 11:30:34 +08:00:    ▲ Next.js 15.5.18
2026-07-28 11:30:34 +08:00:    - Local:        http://localhost:3000
2026-07-28 11:30:34 +08:00:    - Network:      http://192.168.43.11:3000
2026-07-28 11:30:34 +08:00: 
2026-07-28 11:30:34 +08:00:  ✓ Starting...
2026-07-28 11:30:49 +08:00: 
2026-07-28 11:30:49 +08:00: > chinahuib2b@0.1.0 start
2026-07-28 11:30:49 +08:00: > next start
2026-07-28 11:30:49 +08:00: 
2026-07-28 11:30:50 +08:00:    ▲ Next.js 15.5.18
2026-07-28 11:30:50 +08:00:    - Local:        http://localhost:3000
2026-07-28 11:30:50 +08:00:    - Network:      http://192.168.43.11:3000
2026-07-28 11:30:50 +08:00: 
2026-07-28 11:30:50 +08:00:  ✓ Starting...
2026-07-28 11:31:05 +08:00: 
2026-07-28 11:31:05 +08:00: > chinahuib2b@0.1.0 start
2026-07-28 11:31:05 +08:00: > next start
2026-07-28 11:31:05 +08:00: 
2026-07-28 11:31:05 +08:00:    ▲ Next.js 15.5.18
2026-07-28 11:31:05 +08:00:    - Local:        http://localhost:3000
2026-07-28 11:31:05 +08:00:    - Network:      http://192.168.43.11:3000
2026-07-28 11:31:05 +08:00: 
2026-07-28 11:31:05 +08:00:  ✓ Starting...
2026-07-28 11:31:21 +08:00: 
2026-07-28 11:31:21 +08:00: > chinahuib2b@0.1.0 start
2026-07-28 11:31:21 +08:00: > next start
2026-07-28 11:31:21 +08:00: 
2026-07-28 11:31:21 +08:00:    ▲ Next.js 15.5.18
2026-07-28 11:31:21 +08:00:    - Local:        http://localhost:3000
2026-07-28 11:31:21 +08:00:    - Network:      http://192.168.43.11:3000
2026-07-28 11:31:21 +08:00: 
2026-07-28 11:31:21 +08:00:  ✓ Starting...
2026-07-28 11:31:37 +08:00: 
2026-07-28 11:31:37 +08:00: > chinahuib2b@0.1.0 start
2026-07-28 11:31:37 +08:00: > next start
2026-07-28 11:31:37 +08:00: 
2026-07-28 11:31:37 +08:00:    ▲ Next.js 15.5.18
2026-07-28 11:31:37 +08:00:    - Local:        http://localhost:3000
2026-07-28 11:31:37 +08:00:    - Network:      http://192.168.43.11:3000
2026-07-28 11:31:37 +08:00: 
2026-07-28 11:31:37 +08:00:  ✓ Starting...
2026-07-28 11:31:52 +08:00: 
2026-07-28 11:31:52 +08:00: > chinahuib2b@0.1.0 start
2026-07-28 11:31:52 +08:00: > next start
2026-07-28 11:31:52 +08:00: 
2026-07-28 11:31:53 +08:00:    ▲ Next.js 15.5.18
2026-07-28 11:31:53 +08:00:    - Local:        http://localhost:3000
2026-07-28 11:31:53 +08:00:    - Network:      http://192.168.43.11:3000
2026-07-28 11:31:53 +08:00: 
2026-07-28 11:31:53 +08:00:  ✓ Starting...
2026-07-28 11:32:08 +08:00: 
2026-07-28 11:32:08 +08:00: > chinahuib2b@0.1.0 start
2026-07-28 11:32:08 +08:00: > next start
2026-07-28 11:32:08 +08:00: 
2026-07-28 11:32:08 +08:00:    ▲ Next.js 15.5.18
2026-07-28 11:32:08 +08:00:    - Local:        http://localhost:3000
2026-07-28 11:32:08 +08:00:    - Network:      http://192.168.43.11:3000
2026-07-28 11:32:08 +08:00: 
2026-07-28 11:32:08 +08:00:  ✓ Starting...
2026-07-28 11:32:24 +08:00: 
2026-07-28 11:32:24 +08:00: > chinahuib2b@0.1.0 start
2026-07-28 11:32:24 +08:00: > next start
2026-07-28 11:32:24 +08:00: 
2026-07-28 11:32:24 +08:00:    ▲ Next.js 15.5.18
2026-07-28 11:32:24 +08:00:    - Local:        http://localhost:3000
2026-07-28 11:32:24 +08:00:    - Network:      http://192.168.43.11:3000
2026-07-28 11:32:24 +08:00: 
2026-07-28 11:32:24 +08:00:  ✓ Starting...
2026-07-28 11:32:40 +08:00: 
2026-07-28 11:32:40 +08:00: > chinahuib2b@0.1.0 start
2026-07-28 11:32:40 +08:00: > next start
2026-07-28 11:32:40 +08:00: 
2026-07-28 11:32:40 +08:00:    ▲ Next.js 15.5.18
2026-07-28 11:32:40 +08:00:    - Local:        http://localhost:3000
2026-07-28 11:32:40 +08:00:    - Network:      http://192.168.43.11:3000
2026-07-28 11:32:40 +08:00: 
2026-07-28 11:32:40 +08:00:  ✓ Starting...
2026-07-28 11:32:55 +08:00: 
2026-07-28 11:32:55 +08:00: > chinahuib2b@0.1.0 start
2026-07-28 11:32:55 +08:00: > next start
2026-07-28 11:32:55 +08:00: 
2026-07-28 11:32:56 +08:00:    ▲ Next.js 15.5.18
2026-07-28 11:32:56 +08:00:    - Local:        http://localhost:3000
2026-07-28 11:32:56 +08:00:    - Network:      http://192.168.43.11:3000
2026-07-28 11:32:56 +08:00: 
2026-07-28 11:32:56 +08:00:  ✓ Starting...
2026-07-28 11:33:11 +08:00: 
2026-07-28 11:33:11 +08:00: > chinahuib2b@0.1.0 start
2026-07-28 11:33:11 +08:00: > next start
2026-07-28 11:33:11 +08:00: 
2026-07-28 11:33:11 +08:00:    ▲ Next.js 15.5.18
2026-07-28 11:33:11 +08:00:    - Local:        http://localhost:3000
2026-07-28 11:33:11 +08:00:    - Network:      http://192.168.43.11:3000
2026-07-28 11:33:11 +08:00: 
2026-07-28 11:33:11 +08:00:  ✓ Starting...
2026-07-28 11:33:27 +08:00: 
2026-07-28 11:33:27 +08:00: > chinahuib2b@0.1.0 start
2026-07-28 11:33:27 +08:00: > next start
2026-07-28 11:33:27 +08:00: 
2026-07-28 11:33:27 +08:00:    ▲ Next.js 15.5.18
2026-07-28 11:33:27 +08:00:    - Local:        http://localhost:3000
2026-07-28 11:33:27 +08:00:    - Network:      http://192.168.43.11:3000
2026-07-28 11:33:27 +08:00: 
2026-07-28 11:33:27 +08:00:  ✓ Starting...
2026-07-28 11:33:43 +08:00: 
2026-07-28 11:33:43 +08:00: > chinahuib2b@0.1.0 start
2026-07-28 11:33:43 +08:00: > next start
2026-07-28 11:33:43 +08:00: 
2026-07-28 11:33:43 +08:00:    ▲ Next.js 15.5.18
2026-07-28 11:33:43 +08:00:    - Local:        http://localhost:3000
2026-07-28 11:33:43 +08:00:    - Network:      http://192.168.43.11:3000
2026-07-28 11:33:43 +08:00: 
2026-07-28 11:33:43 +08:00:  ✓ Starting...
2026-07-28 11:33:58 +08:00: 
2026-07-28 11:33:58 +08:00: > chinahuib2b@0.1.0 start
2026-07-28 11:33:58 +08:00: > next start
2026-07-28 11:33:58 +08:00: 
2026-07-28 11:33:59 +08:00:    ▲ Next.js 15.5.18
2026-07-28 11:33:59 +08:00:    - Local:        http://localhost:3000
2026-07-28 11:33:59 +08:00:    - Network:      http://192.168.43.11:3000
2026-07-28 11:33:59 +08:00: 
2026-07-28 11:33:59 +08:00:  ✓ Starting...
2026-07-28 11:34:14 +08:00: 
2026-07-28 11:34:14 +08:00: > chinahuib2b@0.1.0 start
2026-07-28 11:34:14 +08:00: > next start
2026-07-28 11:34:14 +08:00: 
2026-07-28 11:34:14 +08:00:    ▲ Next.js 15.5.18
2026-07-28 11:34:14 +08:00:    - Local:        http://localhost:3000
2026-07-28 11:34:14 +08:00:    - Network:      http://192.168.43.11:3000
2026-07-28 11:34:14 +08:00: 
2026-07-28 11:34:14 +08:00:  ✓ Starting...
2026-07-28 11:34:30 +08:00: 
2026-07-28 11:34:30 +08:00: > chinahuib2b@0.1.0 start
2026-07-28 11:34:30 +08:00: > next start
2026-07-28 11:34:30 +08:00: 
2026-07-28 11:34:30 +08:00:    ▲ Next.js 15.5.18
2026-07-28 11:34:30 +08:00:    - Local:        http://localhost:3000
2026-07-28 11:34:30 +08:00:    - Network:      http://192.168.43.11:3000
2026-07-28 11:34:30 +08:00: 
2026-07-28 11:34:30 +08:00:  ✓ Starting...
2026-07-28 11:34:46 +08:00: 
2026-07-28 11:34:46 +08:00: > chinahuib2b@0.1.0 start
2026-07-28 11:34:46 +08:00: > next start
2026-07-28 11:34:46 +08:00: 
2026-07-28 11:34:46 +08:00:    ▲ Next.js 15.5.18
2026-07-28 11:34:46 +08:00:    - Local:        http://localhost:3000
2026-07-28 11:34:46 +08:00:    - Network:      http://192.168.43.11:3000
2026-07-28 11:34:46 +08:00: 
2026-07-28 11:34:46 +08:00:  ✓ Starting...
2026-07-28 11:35:01 +08:00: 
2026-07-28 11:35:01 +08:00: > chinahuib2b@0.1.0 start
2026-07-28 11:35:01 +08:00: > next start
2026-07-28 11:35:01 +08:00: 
2026-07-28 11:35:02 +08:00:    ▲ Next.js 15.5.18
2026-07-28 11:35:02 +08:00:    - Local:        http://localhost:3000
2026-07-28 11:35:02 +08:00:    - Network:      http://192.168.43.11:3000
2026-07-28 11:35:02 +08:00: 
2026-07-28 11:35:02 +08:00:  ✓ Starting...
2026-07-28 11:35:17 +08:00: 
2026-07-28 11:35:17 +08:00: > chinahuib2b@0.1.0 start
2026-07-28 11:35:17 +08:00: > next start
2026-07-28 11:35:17 +08:00: 
2026-07-28 11:35:17 +08:00:    ▲ Next.js 15.5.18
2026-07-28 11:35:17 +08:00:    - Local:        http://localhost:3000
2026-07-28 11:35:17 +08:00:    - Network:      http://192.168.43.11:3000
2026-07-28 11:35:17 +08:00: 
2026-07-28 11:35:17 +08:00:  ✓ Starting...
2026-07-28 11:35:33 +08:00: 
2026-07-28 11:35:33 +08:00: > chinahuib2b@0.1.0 start
2026-07-28 11:35:33 +08:00: > next start
2026-07-28 11:35:33 +08:00: 
2026-07-28 11:35:33 +08:00:    ▲ Next.js 15.5.18
2026-07-28 11:35:33 +08:00:    - Local:        http://localhost:3000
2026-07-28 11:35:33 +08:00:    - Network:      http://192.168.43.11:3000
2026-07-28 11:35:33 +08:00: 
2026-07-28 11:35:33 +08:00:  ✓ Starting...
2026-07-28 11:35:49 +08:00: 
2026-07-28 11:35:49 +08:00: > chinahuib2b@0.1.0 start
2026-07-28 11:35:49 +08:00: > next start
2026-07-28 11:35:49 +08:00: 
2026-07-28 11:35:49 +08:00:    ▲ Next.js 15.5.18
2026-07-28 11:35:49 +08:00:    - Local:        http://localhost:3000
2026-07-28 11:35:49 +08:00:    - Network:      http://192.168.43.11:3000
2026-07-28 11:35:49 +08:00: 
2026-07-28 11:35:49 +08:00:  ✓ Starting...
2026-07-28 11:36:04 +08:00: 
2026-07-28 11:36:04 +08:00: > chinahuib2b@0.1.0 start
2026-07-28 11:36:04 +08:00: > next start
2026-07-28 11:36:04 +08:00: 
2026-07-28 11:36:05 +08:00:    ▲ Next.js 15.5.18
2026-07-28 11:36:05 +08:00:    - Local:        http://localhost:3000
2026-07-28 11:36:05 +08:00:    - Network:      http://192.168.43.11:3000
2026-07-28 11:36:05 +08:00: 
2026-07-28 11:36:05 +08:00:  ✓ Starting...
2026-07-28 11:36:20 +08:00: 
2026-07-28 11:36:20 +08:00: > chinahuib2b@0.1.0 start
2026-07-28 11:36:20 +08:00: > next start
2026-07-28 11:36:20 +08:00: 
2026-07-28 11:36:20 +08:00:    ▲ Next.js 15.5.18
2026-07-28 11:36:20 +08:00:    - Local:        http://localhost:3000
2026-07-28 11:36:20 +08:00:    - Network:      http://192.168.43.11:3000
2026-07-28 11:36:20 +08:00: 
2026-07-28 11:36:20 +08:00:  ✓ Starting...
2026-07-28 11:36:36 +08:00: 
2026-07-28 11:36:36 +08:00: > chinahuib2b@0.1.0 start
2026-07-28 11:36:36 +08:00: > next start
2026-07-28 11:36:36 +08:00: 
2026-07-28 11:36:36 +08:00:    ▲ Next.js 15.5.18
2026-07-28 11:36:36 +08:00:    - Local:        http://localhost:3000
2026-07-28 11:36:36 +08:00:    - Network:      http://192.168.43.11:3000
2026-07-28 11:36:36 +08:00: 
2026-07-28 11:36:36 +08:00:  ✓ Starting...
2026-07-28 11:36:52 +08:00: 
2026-07-28 11:36:52 +08:00: > chinahuib2b@0.1.0 start
2026-07-28 11:36:52 +08:00: > next start
2026-07-28 11:36:52 +08:00: 
2026-07-28 11:36:52 +08:00:    ▲ Next.js 15.5.18
2026-07-28 11:36:52 +08:00:    - Local:        http://localhost:3000
2026-07-28 11:36:52 +08:00:    - Network:      http://192.168.43.11:3000
2026-07-28 11:36:52 +08:00: 
2026-07-28 11:36:52 +08:00:  ✓ Starting...
2026-07-28 11:37:07 +08:00: 
2026-07-28 11:37:07 +08:00: > chinahuib2b@0.1.0 start
2026-07-28 11:37:07 +08:00: > next start
2026-07-28 11:37:07 +08:00: 
2026-07-28 11:37:08 +08:00:    ▲ Next.js 15.5.18
2026-07-28 11:37:08 +08:00:    - Local:        http://localhost:3000
2026-07-28 11:37:08 +08:00:    - Network:      http://192.168.43.11:3000
2026-07-28 11:37:08 +08:00: 
2026-07-28 11:37:08 +08:00:  ✓ Starting...
2026-07-28 11:37:23 +08:00: 
2026-07-28 11:37:23 +08:00: > chinahuib2b@0.1.0 start
2026-07-28 11:37:23 +08:00: > next start
2026-07-28 11:37:23 +08:00: 
2026-07-28 11:37:23 +08:00:    ▲ Next.js 15.5.18
2026-07-28 11:37:23 +08:00:    - Local:        http://localhost:3000
2026-07-28 11:37:23 +08:00:    - Network:      http://192.168.43.11:3000
2026-07-28 11:37:23 +08:00: 
2026-07-28 11:37:23 +08:00:  ✓ Starting...
2026-07-28 11:37:39 +08:00: 
2026-07-28 11:37:39 +08:00: > chinahuib2b@0.1.0 start
2026-07-28 11:37:39 +08:00: > next start
2026-07-28 11:37:39 +08:00: 
2026-07-28 11:37:39 +08:00:    ▲ Next.js 15.5.18
2026-07-28 11:37:39 +08:00:    - Local:        http://localhost:3000
2026-07-28 11:37:39 +08:00:    - Network:      http://192.168.43.11:3000
2026-07-28 11:37:39 +08:00: 
2026-07-28 11:37:39 +08:00:  ✓ Starting...
2026-07-28 11:37:55 +08:00: 
2026-07-28 11:37:55 +08:00: > chinahuib2b@0.1.0 start
2026-07-28 11:37:55 +08:00: > next start
2026-07-28 11:37:55 +08:00: 
2026-07-28 11:37:55 +08:00:    ▲ Next.js 15.5.18
2026-07-28 11:37:55 +08:00:    - Local:        http://localhost:3000
2026-07-28 11:37:55 +08:00:    - Network:      http://192.168.43.11:3000
2026-07-28 11:37:55 +08:00: 
2026-07-28 11:37:55 +08:00:  ✓ Starting...
2026-07-28 11:38:10 +08:00: 
2026-07-28 11:38:10 +08:00: > chinahuib2b@0.1.0 start
2026-07-28 11:38:10 +08:00: > next start
2026-07-28 11:38:10 +08:00: 
2026-07-28 11:38:11 +08:00:    ▲ Next.js 15.5.18
2026-07-28 11:38:11 +08:00:    - Local:        http://localhost:3000
2026-07-28 11:38:11 +08:00:    - Network:      http://192.168.43.11:3000
2026-07-28 11:38:11 +08:00: 
2026-07-28 11:38:11 +08:00:  ✓ Starting...
2026-07-28 11:38:26 +08:00: 
2026-07-28 11:38:26 +08:00: > chinahuib2b@0.1.0 start
2026-07-28 11:38:26 +08:00: > next start
2026-07-28 11:38:26 +08:00: 
2026-07-28 11:38:26 +08:00:    ▲ Next.js 15.5.18
2026-07-28 11:38:26 +08:00:    - Local:        http://localhost:3000
2026-07-28 11:38:26 +08:00:    - Network:      http://192.168.43.11:3000
2026-07-28 11:38:26 +08:00: 
2026-07-28 11:38:26 +08:00:  ✓ Starting...
2026-07-28 11:38:42 +08:00: 
2026-07-28 11:38:42 +08:00: > chinahuib2b@0.1.0 start
2026-07-28 11:38:42 +08:00: > next start
2026-07-28 11:38:42 +08:00: 
2026-07-28 11:38:42 +08:00:    ▲ Next.js 15.5.18
2026-07-28 11:38:42 +08:00:    - Local:        http://localhost:3000
2026-07-28 11:38:42 +08:00:    - Network:      http://192.168.43.11:3000
2026-07-28 11:38:42 +08:00: 
2026-07-28 11:38:42 +08:00:  ✓ Starting...
2026-07-28 11:38:58 +08:00: 
2026-07-28 11:38:58 +08:00: > chinahuib2b@0.1.0 start
2026-07-28 11:38:58 +08:00: > next start
2026-07-28 11:38:58 +08:00: 
2026-07-28 11:38:58 +08:00:    ▲ Next.js 15.5.18
2026-07-28 11:38:58 +08:00:    - Local:        http://localhost:3000
2026-07-28 11:38:58 +08:00:    - Network:      http://192.168.43.11:3000
2026-07-28 11:38:58 +08:00: 
2026-07-28 11:38:58 +08:00:  ✓ Starting...
2026-07-28 11:39:13 +08:00: 
2026-07-28 11:39:13 +08:00: > chinahuib2b@0.1.0 start
2026-07-28 11:39:13 +08:00: > next start
2026-07-28 11:39:13 +08:00: 
2026-07-28 11:39:14 +08:00:    ▲ Next.js 15.5.18
2026-07-28 11:39:14 +08:00:    - Local:        http://localhost:3000
2026-07-28 11:39:14 +08:00:    - Network:      http://192.168.43.11:3000
2026-07-28 11:39:14 +08:00: 
2026-07-28 11:39:14 +08:00:  ✓ Starting...
2026-07-28 11:39:29 +08:00: 
2026-07-28 11:39:29 +08:00: > chinahuib2b@0.1.0 start
2026-07-28 11:39:29 +08:00: > next start
2026-07-28 11:39:29 +08:00: 
2026-07-28 11:39:29 +08:00:    ▲ Next.js 15.5.18
2026-07-28 11:39:29 +08:00:    - Local:        http://localhost:3000
2026-07-28 11:39:29 +08:00:    - Network:      http://192.168.43.11:3000
2026-07-28 11:39:29 +08:00: 
2026-07-28 11:39:29 +08:00:  ✓ Starting...
2026-07-28 11:39:45 +08:00: 
2026-07-28 11:39:45 +08:00: > chinahuib2b@0.1.0 start
2026-07-28 11:39:45 +08:00: > next start
2026-07-28 11:39:45 +08:00: 
2026-07-28 11:39:45 +08:00:    ▲ Next.js 15.5.18
2026-07-28 11:39:45 +08:00:    - Local:        http://localhost:3000
2026-07-28 11:39:45 +08:00:    - Network:      http://192.168.43.11:3000
2026-07-28 11:39:45 +08:00: 
2026-07-28 11:39:45 +08:00:  ✓ Starting...
2026-07-28 11:40:01 +08:00: 
2026-07-28 11:40:01 +08:00: > chinahuib2b@0.1.0 start
2026-07-28 11:40:01 +08:00: > next start
2026-07-28 11:40:01 +08:00: 
2026-07-28 11:40:01 +08:00:    ▲ Next.js 15.5.18
2026-07-28 11:40:01 +08:00:    - Local:        http://localhost:3000
2026-07-28 11:40:01 +08:00:    - Network:      http://192.168.43.11:3000
2026-07-28 11:40:01 +08:00: 
2026-07-28 11:40:01 +08:00:  ✓ Starting...
2026-07-28 11:40:17 +08:00: 
2026-07-28 11:40:17 +08:00: > chinahuib2b@0.1.0 start
2026-07-28 11:40:17 +08:00: > next start
2026-07-28 11:40:17 +08:00: 
2026-07-28 11:40:17 +08:00:    ▲ Next.js 15.5.18
2026-07-28 11:40:17 +08:00:    - Local:        http://localhost:3000
2026-07-28 11:40:17 +08:00:    - Network:      http://192.168.43.11:3000
2026-07-28 11:40:17 +08:00: 
2026-07-28 11:40:17 +08:00:  ✓ Starting...
2026-07-28 11:40:32 +08:00: 
2026-07-28 11:40:32 +08:00: > chinahuib2b@0.1.0 start
2026-07-28 11:40:32 +08:00: > next start
2026-07-28 11:40:32 +08:00: 
2026-07-28 11:40:33 +08:00:    ▲ Next.js 15.5.18
2026-07-28 11:40:33 +08:00:    - Local:        http://localhost:3000
2026-07-28 11:40:33 +08:00:    - Network:      http://192.168.43.11:3000
2026-07-28 11:40:33 +08:00: 
2026-07-28 11:40:33 +08:00:  ✓ Starting...
2026-07-28 11:40:48 +08:00: 
2026-07-28 11:40:48 +08:00: > chinahuib2b@0.1.0 start
2026-07-28 11:40:48 +08:00: > next start
2026-07-28 11:40:48 +08:00: 
2026-07-28 11:40:48 +08:00:    ▲ Next.js 15.5.18
2026-07-28 11:40:48 +08:00:    - Local:        http://localhost:3000
2026-07-28 11:40:48 +08:00:    - Network:      http://192.168.43.11:3000
2026-07-28 11:40:48 +08:00: 
2026-07-28 11:40:48 +08:00:  ✓ Starting...
2026-07-28 11:41:04 +08:00: 
2026-07-28 11:41:04 +08:00: > chinahuib2b@0.1.0 start
2026-07-28 11:41:04 +08:00: > next start
2026-07-28 11:41:04 +08:00: 
2026-07-28 11:41:04 +08:00:    ▲ Next.js 15.5.18
2026-07-28 11:41:04 +08:00:    - Local:        http://localhost:3000
2026-07-28 11:41:04 +08:00:    - Network:      http://192.168.43.11:3000
2026-07-28 11:41:04 +08:00: 
2026-07-28 11:41:04 +08:00:  ✓ Starting...
2026-07-28 11:41:20 +08:00: 
2026-07-28 11:41:20 +08:00: > chinahuib2b@0.1.0 start
2026-07-28 11:41:20 +08:00: > next start
2026-07-28 11:41:20 +08:00: 
2026-07-28 11:41:20 +08:00:    ▲ Next.js 15.5.18
2026-07-28 11:41:20 +08:00:    - Local:        http://localhost:3000
2026-07-28 11:41:20 +08:00:    - Network:      http://192.168.43.11:3000
2026-07-28 11:41:20 +08:00: 
2026-07-28 11:41:20 +08:00:  ✓ Starting...
2026-07-28 11:41:35 +08:00: 
2026-07-28 11:41:35 +08:00: > chinahuib2b@0.1.0 start
2026-07-28 11:41:35 +08:00: > next start
2026-07-28 11:41:35 +08:00: 
2026-07-28 11:41:36 +08:00:    ▲ Next.js 15.5.18
2026-07-28 11:41:36 +08:00:    - Local:        http://localhost:3000
2026-07-28 11:41:36 +08:00:    - Network:      http://192.168.43.11:3000
2026-07-28 11:41:36 +08:00: 
2026-07-28 11:41:36 +08:00:  ✓ Starting...
2026-07-28 11:41:51 +08:00: 
2026-07-28 11:41:51 +08:00: > chinahuib2b@0.1.0 start
2026-07-28 11:41:51 +08:00: > next start
2026-07-28 11:41:51 +08:00: 
2026-07-28 11:41:51 +08:00:    ▲ Next.js 15.5.18
2026-07-28 11:41:51 +08:00:    - Local:        http://localhost:3000
2026-07-28 11:41:51 +08:00:    - Network:      http://192.168.43.11:3000
2026-07-28 11:41:51 +08:00: 
2026-07-28 11:41:51 +08:00:  ✓ Starting...
2026-07-28 11:42:07 +08:00: 
2026-07-28 11:42:07 +08:00: > chinahuib2b@0.1.0 start
2026-07-28 11:42:07 +08:00: > next start
2026-07-28 11:42:07 +08:00: 
2026-07-28 11:42:07 +08:00:    ▲ Next.js 15.5.18
2026-07-28 11:42:07 +08:00:    - Local:        http://localhost:3000
2026-07-28 11:42:07 +08:00:    - Network:      http://192.168.43.11:3000
2026-07-28 11:42:07 +08:00: 
2026-07-28 11:42:07 +08:00:  ✓ Starting...
2026-07-28 11:42:23 +08:00: 
2026-07-28 11:42:23 +08:00: > chinahuib2b@0.1.0 start
2026-07-28 11:42:23 +08:00: > next start
2026-07-28 11:42:23 +08:00: 
2026-07-28 11:42:23 +08:00:    ▲ Next.js 15.5.18
2026-07-28 11:42:23 +08:00:    - Local:        http://localhost:3000
2026-07-28 11:42:23 +08:00:    - Network:      http://192.168.43.11:3000
2026-07-28 11:42:23 +08:00: 
2026-07-28 11:42:23 +08:00:  ✓ Starting...
2026-07-28 11:42:38 +08:00: 
2026-07-28 11:42:38 +08:00: > chinahuib2b@0.1.0 start
2026-07-28 11:42:38 +08:00: > next start
2026-07-28 11:42:38 +08:00: 
2026-07-28 11:42:39 +08:00:    ▲ Next.js 15.5.18
2026-07-28 11:42:39 +08:00:    - Local:        http://localhost:3000
2026-07-28 11:42:39 +08:00:    - Network:      http://192.168.43.11:3000
2026-07-28 11:42:39 +08:00: 
2026-07-28 11:42:39 +08:00:  ✓ Starting...
2026-07-28 11:42:54 +08:00: 
2026-07-28 11:42:54 +08:00: > chinahuib2b@0.1.0 start
2026-07-28 11:42:54 +08:00: > next start
2026-07-28 11:42:54 +08:00: 
2026-07-28 11:42:54 +08:00:    ▲ Next.js 15.5.18
2026-07-28 11:42:54 +08:00:    - Local:        http://localhost:3000
2026-07-28 11:42:54 +08:00:    - Network:      http://192.168.43.11:3000
2026-07-28 11:42:54 +08:00: 
2026-07-28 11:42:54 +08:00:  ✓ Starting...
2026-07-28 11:43:10 +08:00: 
2026-07-28 11:43:10 +08:00: > chinahuib2b@0.1.0 start
2026-07-28 11:43:10 +08:00: > next start
2026-07-28 11:43:10 +08:00: 
2026-07-28 11:43:10 +08:00:    ▲ Next.js 15.5.18
2026-07-28 11:43:10 +08:00:    - Local:        http://localhost:3000
2026-07-28 11:43:10 +08:00:    - Network:      http://192.168.43.11:3000
2026-07-28 11:43:10 +08:00: 
2026-07-28 11:43:10 +08:00:  ✓ Starting...
2026-07-28 11:43:26 +08:00: 
2026-07-28 11:43:26 +08:00: > chinahuib2b@0.1.0 start
2026-07-28 11:43:26 +08:00: > next start
2026-07-28 11:43:26 +08:00: 
2026-07-28 11:43:26 +08:00:    ▲ Next.js 15.5.18
2026-07-28 11:43:26 +08:00:    - Local:        http://localhost:3000
2026-07-28 11:43:26 +08:00:    - Network:      http://192.168.43.11:3000
2026-07-28 11:43:26 +08:00: 
2026-07-28 11:43:26 +08:00:  ✓ Starting...
2026-07-28 11:43:41 +08:00: 
2026-07-28 11:43:41 +08:00: > chinahuib2b@0.1.0 start
2026-07-28 11:43:41 +08:00: > next start
2026-07-28 11:43:41 +08:00: 
2026-07-28 11:43:42 +08:00:    ▲ Next.js 15.5.18
2026-07-28 11:43:42 +08:00:    - Local:        http://localhost:3000
2026-07-28 11:43:42 +08:00:    - Network:      http://192.168.43.11:3000
2026-07-28 11:43:42 +08:00: 
2026-07-28 11:43:42 +08:00:  ✓ Starting...
2026-07-28 11:43:57 +08:00: 
2026-07-28 11:43:57 +08:00: > chinahuib2b@0.1.0 start
2026-07-28 11:43:57 +08:00: > next start
2026-07-28 11:43:57 +08:00: 
2026-07-28 11:43:57 +08:00:    ▲ Next.js 15.5.18
2026-07-28 11:43:57 +08:00:    - Local:        http://localhost:3000
2026-07-28 11:43:57 +08:00:    - Network:      http://192.168.43.11:3000
2026-07-28 11:43:57 +08:00: 
2026-07-28 11:43:57 +08:00:  ✓ Starting...
2026-07-28 11:44:13 +08:00: 
2026-07-28 11:44:13 +08:00: > chinahuib2b@0.1.0 start
2026-07-28 11:44:13 +08:00: > next start
2026-07-28 11:44:13 +08:00: 
2026-07-28 11:44:13 +08:00:    ▲ Next.js 15.5.18
2026-07-28 11:44:13 +08:00:    - Local:        http://localhost:3000
2026-07-28 11:44:13 +08:00:    - Network:      http://192.168.43.11:3000
2026-07-28 11:44:13 +08:00: 
2026-07-28 11:44:13 +08:00:  ✓ Starting...
2026-07-28 11:44:29 +08:00: 
2026-07-28 11:44:29 +08:00: > chinahuib2b@0.1.0 start
2026-07-28 11:44:29 +08:00: > next start
2026-07-28 11:44:29 +08:00: 
2026-07-28 11:44:29 +08:00:    ▲ Next.js 15.5.18
2026-07-28 11:44:29 +08:00:    - Local:        http://localhost:3000
2026-07-28 11:44:29 +08:00:    - Network:      http://192.168.43.11:3000
2026-07-28 11:44:29 +08:00: 
2026-07-28 11:44:29 +08:00:  ✓ Starting...
2026-07-28 11:44:45 +08:00: 
2026-07-28 11:44:45 +08:00: > chinahuib2b@0.1.0 start
2026-07-28 11:44:45 +08:00: > next start
2026-07-28 11:44:45 +08:00: 
2026-07-28 11:44:45 +08:00:    ▲ Next.js 15.5.18
2026-07-28 11:44:45 +08:00:    - Local:        http://localhost:3000
2026-07-28 11:44:45 +08:00:    - Network:      http://192.168.43.11:3000
2026-07-28 11:44:45 +08:00: 
2026-07-28 11:44:45 +08:00:  ✓ Starting...
2026-07-28 11:45:00 +08:00: 
2026-07-28 11:45:00 +08:00: > chinahuib2b@0.1.0 start
2026-07-28 11:45:00 +08:00: > next start
2026-07-28 11:45:00 +08:00: 
2026-07-28 11:45:00 +08:00:    ▲ Next.js 15.5.18
2026-07-28 11:45:00 +08:00:    - Local:        http://localhost:3000
2026-07-28 11:45:00 +08:00:    - Network:      http://192.168.43.11:3000
2026-07-28 11:45:00 +08:00: 
2026-07-28 11:45:00 +08:00:  ✓ Starting...
2026-07-28 11:45:16 +08:00: 
2026-07-28 11:45:16 +08:00: > chinahuib2b@0.1.0 start
2026-07-28 11:45:16 +08:00: > next start
2026-07-28 11:45:16 +08:00: 
2026-07-28 11:45:16 +08:00:    ▲ Next.js 15.5.18
2026-07-28 11:45:16 +08:00:    - Local:        http://localhost:3000
2026-07-28 11:45:16 +08:00:    - Network:      http://192.168.43.11:3000
2026-07-28 11:45:16 +08:00: 
2026-07-28 11:45:16 +08:00:  ✓ Starting...
2026-07-28 11:45:32 +08:00: 
2026-07-28 11:45:32 +08:00: > chinahuib2b@0.1.0 start
2026-07-28 11:45:32 +08:00: > next start
2026-07-28 11:45:32 +08:00: 
2026-07-28 11:45:32 +08:00:    ▲ Next.js 15.5.18
2026-07-28 11:45:32 +08:00:    - Local:        http://localhost:3000
2026-07-28 11:45:32 +08:00:    - Network:      http://192.168.43.11:3000
2026-07-28 11:45:32 +08:00: 
2026-07-28 11:45:32 +08:00:  ✓ Starting...
2026-07-28 11:45:48 +08:00: 
2026-07-28 11:45:48 +08:00: > chinahuib2b@0.1.0 start
2026-07-28 11:45:48 +08:00: > next start
2026-07-28 11:45:48 +08:00: 
2026-07-28 11:45:48 +08:00:    ▲ Next.js 15.5.18
2026-07-28 11:45:48 +08:00:    - Local:        http://localhost:3000
2026-07-28 11:45:48 +08:00:    - Network:      http://192.168.43.11:3000
2026-07-28 11:45:48 +08:00: 
2026-07-28 11:45:48 +08:00:  ✓ Starting...
2026-07-28 11:46:03 +08:00: 
2026-07-28 11:46:03 +08:00: > chinahuib2b@0.1.0 start
2026-07-28 11:46:03 +08:00: > next start
2026-07-28 11:46:03 +08:00: 
2026-07-28 11:46:04 +08:00:    ▲ Next.js 15.5.18
2026-07-28 11:46:04 +08:00:    - Local:        http://localhost:3000
2026-07-28 11:46:04 +08:00:    - Network:      http://192.168.43.11:3000
2026-07-28 11:46:04 +08:00: 
2026-07-28 11:46:04 +08:00:  ✓ Starting...
2026-07-28 11:46:19 +08:00: 
2026-07-28 11:46:19 +08:00: > chinahuib2b@0.1.0 start
2026-07-28 11:46:19 +08:00: > next start
2026-07-28 11:46:19 +08:00: 
2026-07-28 11:46:19 +08:00:    ▲ Next.js 15.5.18
2026-07-28 11:46:19 +08:00:    - Local:        http://localhost:3000
2026-07-28 11:46:19 +08:00:    - Network:      http://192.168.43.11:3000
2026-07-28 11:46:19 +08:00: 
2026-07-28 11:46:19 +08:00:  ✓ Starting...
2026-07-28 11:46:35 +08:00: 
2026-07-28 11:46:35 +08:00: > chinahuib2b@0.1.0 start
2026-07-28 11:46:35 +08:00: > next start
2026-07-28 11:46:35 +08:00: 
2026-07-28 11:46:36 +08:00:    ▲ Next.js 15.5.18
2026-07-28 11:46:36 +08:00:    - Local:        http://localhost:3000
2026-07-28 11:46:36 +08:00:    - Network:      http://192.168.43.11:3000
2026-07-28 11:46:36 +08:00: 
2026-07-28 11:46:36 +08:00:  ✓ Starting...
2026-07-28 11:46:52 +08:00: 
2026-07-28 11:46:52 +08:00: > chinahuib2b@0.1.0 start
2026-07-28 11:46:52 +08:00: > next start
2026-07-28 11:46:52 +08:00: 
2026-07-28 11:46:53 +08:00:    ▲ Next.js 15.5.18
2026-07-28 11:46:53 +08:00:    - Local:        http://localhost:3000
2026-07-28 11:46:53 +08:00:    - Network:      http://192.168.43.11:3000
2026-07-28 11:46:53 +08:00: 
2026-07-28 11:46:53 +08:00:  ✓ Starting...
2026-07-28 11:47:10 +08:00: 
2026-07-28 11:47:10 +08:00: > chinahuib2b@0.1.0 start
2026-07-28 11:47:10 +08:00: > next start
2026-07-28 11:47:10 +08:00: 
2026-07-28 11:47:10 +08:00:    ▲ Next.js 15.5.18
2026-07-28 11:47:10 +08:00:    - Local:        http://localhost:3000
2026-07-28 11:47:10 +08:00:    - Network:      http://192.168.43.11:3000
2026-07-28 11:47:10 +08:00: 
2026-07-28 11:47:10 +08:00:  ✓ Starting...
2026-07-28 11:47:27 +08:00: 
2026-07-28 11:47:27 +08:00: > chinahuib2b@0.1.0 start
2026-07-28 11:47:27 +08:00: > next start
2026-07-28 11:47:27 +08:00: 
2026-07-28 11:47:27 +08:00:    ▲ Next.js 15.5.18
2026-07-28 11:47:27 +08:00:    - Local:        http://localhost:3000
2026-07-28 11:47:27 +08:00:    - Network:      http://192.168.43.11:3000
2026-07-28 11:47:27 +08:00: 
2026-07-28 11:47:27 +08:00:  ✓ Starting...
2026-07-28 11:47:43 +08:00: 
2026-07-28 11:47:43 +08:00: > chinahuib2b@0.1.0 start
2026-07-28 11:47:43 +08:00: > next start
2026-07-28 11:47:43 +08:00: 
2026-07-28 11:47:44 +08:00:    ▲ Next.js 15.5.18
2026-07-28 11:47:44 +08:00:    - Local:        http://localhost:3000
2026-07-28 11:47:44 +08:00:    - Network:      http://192.168.43.11:3000
2026-07-28 11:47:44 +08:00: 
2026-07-28 11:47:44 +08:00:  ✓ Starting...
2026-07-28 11:47:59 +08:00: 
2026-07-28 11:47:59 +08:00: > chinahuib2b@0.1.0 start
2026-07-28 11:47:59 +08:00: > next start
2026-07-28 11:47:59 +08:00: 
2026-07-28 11:48:00 +08:00:    ▲ Next.js 15.5.18
2026-07-28 11:48:00 +08:00:    - Local:        http://localhost:3000
2026-07-28 11:48:00 +08:00:    - Network:      http://192.168.43.11:3000
2026-07-28 11:48:00 +08:00: 
2026-07-28 11:48:00 +08:00:  ✓ Starting...
2026-07-28 11:48:16 +08:00: 
2026-07-28 11:48:16 +08:00: > chinahuib2b@0.1.0 start
2026-07-28 11:48:16 +08:00: > next start
2026-07-28 11:48:16 +08:00: 
2026-07-28 11:48:16 +08:00:    ▲ Next.js 15.5.18
2026-07-28 11:48:16 +08:00:    - Local:        http://localhost:3000
2026-07-28 11:48:16 +08:00:    - Network:      http://192.168.43.11:3000
2026-07-28 11:48:16 +08:00: 
2026-07-28 11:48:16 +08:00:  ✓ Starting...
2026-07-28 11:48:32 +08:00: 
2026-07-28 11:48:32 +08:00: > chinahuib2b@0.1.0 start
2026-07-28 11:48:32 +08:00: > next start
2026-07-28 11:48:32 +08:00: 
2026-07-28 11:48:32 +08:00:    ▲ Next.js 15.5.18
2026-07-28 11:48:32 +08:00:    - Local:        http://localhost:3000
2026-07-28 11:48:32 +08:00:    - Network:      http://192.168.43.11:3000
2026-07-28 11:48:32 +08:00: 
2026-07-28 11:48:32 +08:00:  ✓ Starting...
2026-07-28 11:48:48 +08:00: 
2026-07-28 11:48:48 +08:00: > chinahuib2b@0.1.0 start
2026-07-28 11:48:48 +08:00: > next start
2026-07-28 11:48:48 +08:00: 
2026-07-28 11:48:48 +08:00:    ▲ Next.js 15.5.18
2026-07-28 11:48:48 +08:00:    - Local:        http://localhost:3000
2026-07-28 11:48:48 +08:00:    - Network:      http://192.168.43.11:3000
2026-07-28 11:48:48 +08:00: 
2026-07-28 11:48:48 +08:00:  ✓ Starting...
2026-07-28 11:49:04 +08:00: 
2026-07-28 11:49:04 +08:00: > chinahuib2b@0.1.0 start
2026-07-28 11:49:04 +08:00: > next start
2026-07-28 11:49:04 +08:00: 
2026-07-28 11:49:04 +08:00:    ▲ Next.js 15.5.18
2026-07-28 11:49:04 +08:00:    - Local:        http://localhost:3000
2026-07-28 11:49:04 +08:00:    - Network:      http://192.168.43.11:3000
2026-07-28 11:49:04 +08:00: 
2026-07-28 11:49:04 +08:00:  ✓ Starting...
2026-07-28 11:49:20 +08:00: 
2026-07-28 11:49:20 +08:00: > chinahuib2b@0.1.0 start
2026-07-28 11:49:20 +08:00: > next start
2026-07-28 11:49:20 +08:00: 
2026-07-28 11:49:20 +08:00:    ▲ Next.js 15.5.18
2026-07-28 11:49:20 +08:00:    - Local:        http://localhost:3000
2026-07-28 11:49:20 +08:00:    - Network:      http://192.168.43.11:3000
2026-07-28 11:49:20 +08:00: 
2026-07-28 11:49:20 +08:00:  ✓ Starting...
2026-07-28 11:49:36 +08:00: 
2026-07-28 11:49:36 +08:00: > chinahuib2b@0.1.0 start
2026-07-28 11:49:36 +08:00: > next start
2026-07-28 11:49:36 +08:00: 
2026-07-28 11:49:36 +08:00:    ▲ Next.js 15.5.18
2026-07-28 11:49:36 +08:00:    - Local:        http://localhost:3000
2026-07-28 11:49:36 +08:00:    - Network:      http://192.168.43.11:3000
2026-07-28 11:49:36 +08:00: 
2026-07-28 11:49:36 +08:00:  ✓ Starting...
2026-07-28 11:49:52 +08:00: 
2026-07-28 11:49:52 +08:00: > chinahuib2b@0.1.0 start
2026-07-28 11:49:52 +08:00: > next start
2026-07-28 11:49:52 +08:00: 
2026-07-28 11:49:52 +08:00:    ▲ Next.js 15.5.18
2026-07-28 11:49:52 +08:00:    - Local:        http://localhost:3000
2026-07-28 11:49:52 +08:00:    - Network:      http://192.168.43.11:3000
2026-07-28 11:49:52 +08:00: 
2026-07-28 11:49:52 +08:00:  ✓ Starting...
2026-07-28 11:50:08 +08:00: 
2026-07-28 11:50:08 +08:00: > chinahuib2b@0.1.0 start
2026-07-28 11:50:08 +08:00: > next start
2026-07-28 11:50:08 +08:00: 
2026-07-28 11:50:08 +08:00:    ▲ Next.js 15.5.18
2026-07-28 11:50:08 +08:00:    - Local:        http://localhost:3000
2026-07-28 11:50:08 +08:00:    - Network:      http://192.168.43.11:3000
2026-07-28 11:50:08 +08:00: 
2026-07-28 11:50:08 +08:00:  ✓ Starting...
2026-07-28 11:50:23 +08:00: 
2026-07-28 11:50:23 +08:00: > chinahuib2b@0.1.0 start
2026-07-28 11:50:23 +08:00: > next start
2026-07-28 11:50:23 +08:00: 
2026-07-28 11:50:24 +08:00:    ▲ Next.js 15.5.18
2026-07-28 11:50:24 +08:00:    - Local:        http://localhost:3000
2026-07-28 11:50:24 +08:00:    - Network:      http://192.168.43.11:3000
2026-07-28 11:50:24 +08:00: 
2026-07-28 11:50:24 +08:00:  ✓ Starting...
2026-07-28 11:50:39 +08:00: 
2026-07-28 11:50:39 +08:00: > chinahuib2b@0.1.0 start
2026-07-28 11:50:39 +08:00: > next start
2026-07-28 11:50:39 +08:00: 
2026-07-28 11:50:39 +08:00:    ▲ Next.js 15.5.18
2026-07-28 11:50:39 +08:00:    - Local:        http://localhost:3000
2026-07-28 11:50:39 +08:00:    - Network:      http://192.168.43.11:3000
2026-07-28 11:50:39 +08:00: 
2026-07-28 11:50:39 +08:00:  ✓ Starting...
2026-07-28 11:50:55 +08:00: 
2026-07-28 11:50:55 +08:00: > chinahuib2b@0.1.0 start
2026-07-28 11:50:55 +08:00: > next start
2026-07-28 11:50:55 +08:00: 
2026-07-28 11:50:55 +08:00:    ▲ Next.js 15.5.18
2026-07-28 11:50:55 +08:00:    - Local:        http://localhost:3000
2026-07-28 11:50:55 +08:00:    - Network:      http://192.168.43.11:3000
2026-07-28 11:50:55 +08:00: 
2026-07-28 11:50:55 +08:00:  ✓ Starting...
2026-07-28 11:51:11 +08:00: 
2026-07-28 11:51:11 +08:00: > chinahuib2b@0.1.0 start
2026-07-28 11:51:11 +08:00: > next start
2026-07-28 11:51:11 +08:00: 
2026-07-28 11:51:11 +08:00:    ▲ Next.js 15.5.18
2026-07-28 11:51:11 +08:00:    - Local:        http://localhost:3000
2026-07-28 11:51:11 +08:00:    - Network:      http://192.168.43.11:3000
2026-07-28 11:51:11 +08:00: 
2026-07-28 11:51:11 +08:00:  ✓ Starting...
2026-07-28 11:51:27 +08:00: 
2026-07-28 11:51:27 +08:00: > chinahuib2b@0.1.0 start
2026-07-28 11:51:27 +08:00: > next start
2026-07-28 11:51:27 +08:00: 
2026-07-28 11:51:27 +08:00:    ▲ Next.js 15.5.18
2026-07-28 11:51:27 +08:00:    - Local:        http://localhost:3000
2026-07-28 11:51:27 +08:00:    - Network:      http://192.168.43.11:3000
2026-07-28 11:51:27 +08:00: 
2026-07-28 11:51:27 +08:00:  ✓ Starting...
2026-07-28 11:51:42 +08:00: 
2026-07-28 11:51:42 +08:00: > chinahuib2b@0.1.0 start
2026-07-28 11:51:42 +08:00: > next start
2026-07-28 11:51:42 +08:00: 
2026-07-28 11:51:43 +08:00:    ▲ Next.js 15.5.18
2026-07-28 11:51:43 +08:00:    - Local:        http://localhost:3000
2026-07-28 11:51:43 +08:00:    - Network:      http://192.168.43.11:3000
2026-07-28 11:51:43 +08:00: 
2026-07-28 11:51:43 +08:00:  ✓ Starting...
2026-07-28 11:51:58 +08:00: 
2026-07-28 11:51:58 +08:00: > chinahuib2b@0.1.0 start
2026-07-28 11:51:58 +08:00: > next start
2026-07-28 11:51:58 +08:00: 
2026-07-28 11:51:58 +08:00:    ▲ Next.js 15.5.18
2026-07-28 11:51:58 +08:00:    - Local:        http://localhost:3000
2026-07-28 11:51:58 +08:00:    - Network:      http://192.168.43.11:3000
2026-07-28 11:51:58 +08:00: 
2026-07-28 11:51:58 +08:00:  ✓ Starting...
2026-07-28 11:52:14 +08:00: 
2026-07-28 11:52:14 +08:00: > chinahuib2b@0.1.0 start
2026-07-28 11:52:14 +08:00: > next start
2026-07-28 11:52:14 +08:00: 
2026-07-28 11:52:14 +08:00:    ▲ Next.js 15.5.18
2026-07-28 11:52:14 +08:00:    - Local:        http://localhost:3000
2026-07-28 11:52:14 +08:00:    - Network:      http://192.168.43.11:3000
2026-07-28 11:52:14 +08:00: 
2026-07-28 11:52:14 +08:00:  ✓ Starting...
2026-07-28 11:52:30 +08:00: 
2026-07-28 11:52:30 +08:00: > chinahuib2b@0.1.0 start
2026-07-28 11:52:30 +08:00: > next start
2026-07-28 11:52:30 +08:00: 
2026-07-28 11:52:30 +08:00:    ▲ Next.js 15.5.18
2026-07-28 11:52:30 +08:00:    - Local:        http://localhost:3000
2026-07-28 11:52:30 +08:00:    - Network:      http://192.168.43.11:3000
2026-07-28 11:52:30 +08:00: 
2026-07-28 11:52:30 +08:00:  ✓ Starting...
2026-07-28 11:52:45 +08:00: 
2026-07-28 11:52:45 +08:00: > chinahuib2b@0.1.0 start
2026-07-28 11:52:45 +08:00: > next start
2026-07-28 11:52:45 +08:00: 
2026-07-28 11:52:46 +08:00:    ▲ Next.js 15.5.18
2026-07-28 11:52:46 +08:00:    - Local:        http://localhost:3000
2026-07-28 11:52:46 +08:00:    - Network:      http://192.168.43.11:3000
2026-07-28 11:52:46 +08:00: 
2026-07-28 11:52:46 +08:00:  ✓ Starting...
2026-07-28 11:53:01 +08:00: 
2026-07-28 11:53:01 +08:00: > chinahuib2b@0.1.0 start
2026-07-28 11:53:01 +08:00: > next start
2026-07-28 11:53:01 +08:00: 
2026-07-28 11:53:01 +08:00:    ▲ Next.js 15.5.18
2026-07-28 11:53:01 +08:00:    - Local:        http://localhost:3000
2026-07-28 11:53:01 +08:00:    - Network:      http://192.168.43.11:3000
2026-07-28 11:53:01 +08:00: 
2026-07-28 11:53:01 +08:00:  ✓ Starting...
2026-07-28 11:53:17 +08:00: 
2026-07-28 11:53:17 +08:00: > chinahuib2b@0.1.0 start
2026-07-28 11:53:17 +08:00: > next start
2026-07-28 11:53:17 +08:00: 
2026-07-28 11:53:17 +08:00:    ▲ Next.js 15.5.18
2026-07-28 11:53:17 +08:00:    - Local:        http://localhost:3000
2026-07-28 11:53:17 +08:00:    - Network:      http://192.168.43.11:3000
2026-07-28 11:53:17 +08:00: 
2026-07-28 11:53:17 +08:00:  ✓ Starting...
2026-07-28 11:53:33 +08:00: 
2026-07-28 11:53:33 +08:00: > chinahuib2b@0.1.0 start
2026-07-28 11:53:33 +08:00: > next start
2026-07-28 11:53:33 +08:00: 
2026-07-28 11:53:33 +08:00:    ▲ Next.js 15.5.18
2026-07-28 11:53:33 +08:00:    - Local:        http://localhost:3000
2026-07-28 11:53:33 +08:00:    - Network:      http://192.168.43.11:3000
2026-07-28 11:53:33 +08:00: 
2026-07-28 11:53:33 +08:00:  ✓ Starting...
2026-07-28 11:53:49 +08:00: 
2026-07-28 11:53:49 +08:00: > chinahuib2b@0.1.0 start
2026-07-28 11:53:49 +08:00: > next start
2026-07-28 11:53:49 +08:00: 
2026-07-28 11:53:49 +08:00:    ▲ Next.js 15.5.18
2026-07-28 11:53:49 +08:00:    - Local:        http://localhost:3000
2026-07-28 11:53:49 +08:00:    - Network:      http://192.168.43.11:3000
2026-07-28 11:53:49 +08:00: 
2026-07-28 11:53:49 +08:00:  ✓ Starting...
2026-07-28 11:54:04 +08:00: 
2026-07-28 11:54:04 +08:00: > chinahuib2b@0.1.0 start
2026-07-28 11:54:04 +08:00: > next start
2026-07-28 11:54:04 +08:00: 
2026-07-28 11:54:05 +08:00:    ▲ Next.js 15.5.18
2026-07-28 11:54:05 +08:00:    - Local:        http://localhost:3000
2026-07-28 11:54:05 +08:00:    - Network:      http://192.168.43.11:3000
2026-07-28 11:54:05 +08:00: 
2026-07-28 11:54:05 +08:00:  ✓ Starting...
2026-07-28 11:54:20 +08:00: 
2026-07-28 11:54:20 +08:00: > chinahuib2b@0.1.0 start
2026-07-28 11:54:20 +08:00: > next start
2026-07-28 11:54:20 +08:00: 
2026-07-28 11:54:20 +08:00:    ▲ Next.js 15.5.18
2026-07-28 11:54:20 +08:00:    - Local:        http://localhost:3000
2026-07-28 11:54:20 +08:00:    - Network:      http://192.168.43.11:3000
2026-07-28 11:54:20 +08:00: 
2026-07-28 11:54:20 +08:00:  ✓ Starting...
2026-07-28 11:54:36 +08:00: 
2026-07-28 11:54:36 +08:00: > chinahuib2b@0.1.0 start
2026-07-28 11:54:36 +08:00: > next start
2026-07-28 11:54:36 +08:00: 
2026-07-28 11:54:36 +08:00:    ▲ Next.js 15.5.18
2026-07-28 11:54:36 +08:00:    - Local:        http://localhost:3000
2026-07-28 11:54:36 +08:00:    - Network:      http://192.168.43.11:3000
2026-07-28 11:54:36 +08:00: 
2026-07-28 11:54:36 +08:00:  ✓ Starting...
2026-07-28 11:54:52 +08:00: 
2026-07-28 11:54:52 +08:00: > chinahuib2b@0.1.0 start
2026-07-28 11:54:52 +08:00: > next start
2026-07-28 11:54:52 +08:00: 
2026-07-28 11:54:52 +08:00:    ▲ Next.js 15.5.18
2026-07-28 11:54:52 +08:00:    - Local:        http://localhost:3000
2026-07-28 11:54:52 +08:00:    - Network:      http://192.168.43.11:3000
2026-07-28 11:54:52 +08:00: 
2026-07-28 11:54:52 +08:00:  ✓ Starting...
2026-07-28 11:55:07 +08:00: 
2026-07-28 11:55:07 +08:00: > chinahuib2b@0.1.0 start
2026-07-28 11:55:07 +08:00: > next start
2026-07-28 11:55:07 +08:00: 
2026-07-28 11:55:08 +08:00:    ▲ Next.js 15.5.18
2026-07-28 11:55:08 +08:00:    - Local:        http://localhost:3000
2026-07-28 11:55:08 +08:00:    - Network:      http://192.168.43.11:3000
2026-07-28 11:55:08 +08:00: 
2026-07-28 11:55:08 +08:00:  ✓ Starting...
2026-07-28 11:55:23 +08:00: 
2026-07-28 11:55:23 +08:00: > chinahuib2b@0.1.0 start
2026-07-28 11:55:23 +08:00: > next start
2026-07-28 11:55:23 +08:00: 
2026-07-28 11:55:23 +08:00:    ▲ Next.js 15.5.18
2026-07-28 11:55:23 +08:00:    - Local:        http://localhost:3000
2026-07-28 11:55:23 +08:00:    - Network:      http://192.168.43.11:3000
2026-07-28 11:55:23 +08:00: 
2026-07-28 11:55:23 +08:00:  ✓ Starting...
2026-07-28 11:55:39 +08:00: 
2026-07-28 11:55:39 +08:00: > chinahuib2b@0.1.0 start
2026-07-28 11:55:39 +08:00: > next start
2026-07-28 11:55:39 +08:00: 
2026-07-28 11:55:39 +08:00:    ▲ Next.js 15.5.18
2026-07-28 11:55:39 +08:00:    - Local:        http://localhost:3000
2026-07-28 11:55:39 +08:00:    - Network:      http://192.168.43.11:3000
2026-07-28 11:55:39 +08:00: 
2026-07-28 11:55:39 +08:00:  ✓ Starting...
2026-07-28 11:55:55 +08:00: 
2026-07-28 11:55:55 +08:00: > chinahuib2b@0.1.0 start
2026-07-28 11:55:55 +08:00: > next start
2026-07-28 11:55:55 +08:00: 
2026-07-28 11:55:55 +08:00:    ▲ Next.js 15.5.18
2026-07-28 11:55:55 +08:00:    - Local:        http://localhost:3000
2026-07-28 11:55:55 +08:00:    - Network:      http://192.168.43.11:3000
2026-07-28 11:55:55 +08:00: 
2026-07-28 11:55:55 +08:00:  ✓ Starting...
2026-07-28 11:56:11 +08:00: 
2026-07-28 11:56:11 +08:00: > chinahuib2b@0.1.0 start
2026-07-28 11:56:11 +08:00: > next start
2026-07-28 11:56:11 +08:00: 
2026-07-28 11:56:11 +08:00:    ▲ Next.js 15.5.18
2026-07-28 11:56:11 +08:00:    - Local:        http://localhost:3000
2026-07-28 11:56:11 +08:00:    - Network:      http://192.168.43.11:3000
2026-07-28 11:56:11 +08:00: 
2026-07-28 11:56:11 +08:00:  ✓ Starting...
2026-07-28 11:56:27 +08:00: 
2026-07-28 11:56:27 +08:00: > chinahuib2b@0.1.0 start
2026-07-28 11:56:27 +08:00: > next start
2026-07-28 11:56:27 +08:00: 
2026-07-28 11:56:27 +08:00:    ▲ Next.js 15.5.18
2026-07-28 11:56:27 +08:00:    - Local:        http://localhost:3000
2026-07-28 11:56:27 +08:00:    - Network:      http://192.168.43.11:3000
2026-07-28 11:56:27 +08:00: 
2026-07-28 11:56:27 +08:00:  ✓ Starting...
2026-07-28 11:56:42 +08:00: 
2026-07-28 11:56:42 +08:00: > chinahuib2b@0.1.0 start
2026-07-28 11:56:42 +08:00: > next start
2026-07-28 11:56:42 +08:00: 
2026-07-28 11:56:43 +08:00:    ▲ Next.js 15.5.18
2026-07-28 11:56:43 +08:00:    - Local:        http://localhost:3000
2026-07-28 11:56:43 +08:00:    - Network:      http://192.168.43.11:3000
2026-07-28 11:56:43 +08:00: 
2026-07-28 11:56:43 +08:00:  ✓ Starting...
2026-07-28 11:56:58 +08:00: 
2026-07-28 11:56:58 +08:00: > chinahuib2b@0.1.0 start
2026-07-28 11:56:58 +08:00: > next start
2026-07-28 11:56:58 +08:00: 
2026-07-28 11:56:58 +08:00:    ▲ Next.js 15.5.18
2026-07-28 11:56:58 +08:00:    - Local:        http://localhost:3000
2026-07-28 11:56:58 +08:00:    - Network:      http://192.168.43.11:3000
2026-07-28 11:56:58 +08:00: 
2026-07-28 11:56:58 +08:00:  ✓ Starting...
2026-07-28 11:57:14 +08:00: 
2026-07-28 11:57:14 +08:00: > chinahuib2b@0.1.0 start
2026-07-28 11:57:14 +08:00: > next start
2026-07-28 11:57:14 +08:00: 
2026-07-28 11:57:14 +08:00:    ▲ Next.js 15.5.18
2026-07-28 11:57:14 +08:00:    - Local:        http://localhost:3000
2026-07-28 11:57:14 +08:00:    - Network:      http://192.168.43.11:3000
2026-07-28 11:57:14 +08:00: 
2026-07-28 11:57:14 +08:00:  ✓ Starting...
2026-07-28 11:57:30 +08:00: 
2026-07-28 11:57:30 +08:00: > chinahuib2b@0.1.0 start
2026-07-28 11:57:30 +08:00: > next start
2026-07-28 11:57:30 +08:00: 
2026-07-28 11:57:30 +08:00:    ▲ Next.js 15.5.18
2026-07-28 11:57:30 +08:00:    - Local:        http://localhost:3000
2026-07-28 11:57:30 +08:00:    - Network:      http://192.168.43.11:3000
2026-07-28 11:57:30 +08:00: 
2026-07-28 11:57:30 +08:00:  ✓ Starting...
2026-07-28 11:57:45 +08:00: 
2026-07-28 11:57:45 +08:00: > chinahuib2b@0.1.0 start
2026-07-28 11:57:45 +08:00: > next start
2026-07-28 11:57:45 +08:00: 
2026-07-28 11:57:46 +08:00:    ▲ Next.js 15.5.18
2026-07-28 11:57:46 +08:00:    - Local:        http://localhost:3000
2026-07-28 11:57:46 +08:00:    - Network:      http://192.168.43.11:3000
2026-07-28 11:57:46 +08:00: 
2026-07-28 11:57:46 +08:00:  ✓ Starting...
2026-07-28 11:58:01 +08:00: 
2026-07-28 11:58:01 +08:00: > chinahuib2b@0.1.0 start
2026-07-28 11:58:01 +08:00: > next start
2026-07-28 11:58:01 +08:00: 
2026-07-28 11:58:01 +08:00:    ▲ Next.js 15.5.18
2026-07-28 11:58:01 +08:00:    - Local:        http://localhost:3000
2026-07-28 11:58:01 +08:00:    - Network:      http://192.168.43.11:3000
2026-07-28 11:58:01 +08:00: 
2026-07-28 11:58:01 +08:00:  ✓ Starting...
2026-07-28 11:58:17 +08:00: 
2026-07-28 11:58:17 +08:00: > chinahuib2b@0.1.0 start
2026-07-28 11:58:17 +08:00: > next start
2026-07-28 11:58:17 +08:00: 
2026-07-28 11:58:17 +08:00:    ▲ Next.js 15.5.18
2026-07-28 11:58:17 +08:00:    - Local:        http://localhost:3000
2026-07-28 11:58:17 +08:00:    - Network:      http://192.168.43.11:3000
2026-07-28 11:58:17 +08:00: 
2026-07-28 11:58:17 +08:00:  ✓ Starting...
2026-07-28 11:58:33 +08:00: 
2026-07-28 11:58:33 +08:00: > chinahuib2b@0.1.0 start
2026-07-28 11:58:33 +08:00: > next start
2026-07-28 11:58:33 +08:00: 
2026-07-28 11:58:33 +08:00:    ▲ Next.js 15.5.18
2026-07-28 11:58:33 +08:00:    - Local:        http://localhost:3000
2026-07-28 11:58:33 +08:00:    - Network:      http://192.168.43.11:3000
2026-07-28 11:58:33 +08:00: 
2026-07-28 11:58:33 +08:00:  ✓ Starting...
2026-07-28 11:58:49 +08:00: 
2026-07-28 11:58:49 +08:00: > chinahuib2b@0.1.0 start
2026-07-28 11:58:49 +08:00: > next start
2026-07-28 11:58:49 +08:00: 
2026-07-28 11:58:49 +08:00:    ▲ Next.js 15.5.18
2026-07-28 11:58:49 +08:00:    - Local:        http://localhost:3000
2026-07-28 11:58:49 +08:00:    - Network:      http://192.168.43.11:3000
2026-07-28 11:58:49 +08:00: 
2026-07-28 11:58:49 +08:00:  ✓ Starting...
2026-07-28 11:59:04 +08:00: 
2026-07-28 11:59:04 +08:00: > chinahuib2b@0.1.0 start
2026-07-28 11:59:04 +08:00: > next start
2026-07-28 11:59:04 +08:00: 
2026-07-28 11:59:05 +08:00:    ▲ Next.js 15.5.18
2026-07-28 11:59:05 +08:00:    - Local:        http://localhost:3000
2026-07-28 11:59:05 +08:00:    - Network:      http://192.168.43.11:3000
2026-07-28 11:59:05 +08:00: 
2026-07-28 11:59:05 +08:00:  ✓ Starting...
2026-07-28 11:59:20 +08:00: 
2026-07-28 11:59:20 +08:00: > chinahuib2b@0.1.0 start
2026-07-28 11:59:20 +08:00: > next start
2026-07-28 11:59:20 +08:00: 
2026-07-28 11:59:20 +08:00:    ▲ Next.js 15.5.18
2026-07-28 11:59:20 +08:00:    - Local:        http://localhost:3000
2026-07-28 11:59:20 +08:00:    - Network:      http://192.168.43.11:3000
2026-07-28 11:59:20 +08:00: 
2026-07-28 11:59:20 +08:00:  ✓ Starting...
2026-07-28 11:59:36 +08:00: 
2026-07-28 11:59:36 +08:00: > chinahuib2b@0.1.0 start
2026-07-28 11:59:36 +08:00: > next start
2026-07-28 11:59:36 +08:00: 
2026-07-28 11:59:36 +08:00:    ▲ Next.js 15.5.18
2026-07-28 11:59:36 +08:00:    - Local:        http://localhost:3000
2026-07-28 11:59:36 +08:00:    - Network:      http://192.168.43.11:3000
2026-07-28 11:59:36 +08:00: 
2026-07-28 11:59:36 +08:00:  ✓ Starting...
2026-07-28 11:59:52 +08:00: 
2026-07-28 11:59:52 +08:00: > chinahuib2b@0.1.0 start
2026-07-28 11:59:52 +08:00: > next start
2026-07-28 11:59:52 +08:00: 
2026-07-28 11:59:52 +08:00:    ▲ Next.js 15.5.18
2026-07-28 11:59:52 +08:00:    - Local:        http://localhost:3000
2026-07-28 11:59:52 +08:00:    - Network:      http://192.168.43.11:3000
2026-07-28 11:59:52 +08:00: 
2026-07-28 11:59:52 +08:00:  ✓ Starting...
2026-07-28 12:00:08 +08:00: 
2026-07-28 12:00:08 +08:00: > chinahuib2b@0.1.0 start
2026-07-28 12:00:08 +08:00: > next start
2026-07-28 12:00:08 +08:00: 
2026-07-28 12:00:08 +08:00:    ▲ Next.js 15.5.18
2026-07-28 12:00:08 +08:00:    - Local:        http://localhost:3000
2026-07-28 12:00:08 +08:00:    - Network:      http://192.168.43.11:3000
2026-07-28 12:00:08 +08:00: 
2026-07-28 12:00:08 +08:00:  ✓ Starting...
2026-07-28 12:00:23 +08:00: 
2026-07-28 12:00:23 +08:00: > chinahuib2b@0.1.0 start
2026-07-28 12:00:23 +08:00: > next start
2026-07-28 12:00:23 +08:00: 
2026-07-28 12:00:24 +08:00:    ▲ Next.js 15.5.18
2026-07-28 12:00:24 +08:00:    - Local:        http://localhost:3000
2026-07-28 12:00:24 +08:00:    - Network:      http://192.168.43.11:3000
2026-07-28 12:00:24 +08:00: 
2026-07-28 12:00:24 +08:00:  ✓ Starting...
2026-07-28 12:00:39 +08:00: 
2026-07-28 12:00:39 +08:00: > chinahuib2b@0.1.0 start
2026-07-28 12:00:39 +08:00: > next start
2026-07-28 12:00:39 +08:00: 
2026-07-28 12:00:39 +08:00:    ▲ Next.js 15.5.18
2026-07-28 12:00:39 +08:00:    - Local:        http://localhost:3000
2026-07-28 12:00:39 +08:00:    - Network:      http://192.168.43.11:3000
2026-07-28 12:00:39 +08:00: 
2026-07-28 12:00:39 +08:00:  ✓ Starting...
2026-07-28 12:00:55 +08:00: 
2026-07-28 12:00:55 +08:00: > chinahuib2b@0.1.0 start
2026-07-28 12:00:55 +08:00: > next start
2026-07-28 12:00:55 +08:00: 
2026-07-28 12:00:55 +08:00:    ▲ Next.js 15.5.18
2026-07-28 12:00:55 +08:00:    - Local:        http://localhost:3000
2026-07-28 12:00:55 +08:00:    - Network:      http://192.168.43.11:3000
2026-07-28 12:00:55 +08:00: 
2026-07-28 12:00:55 +08:00:  ✓ Starting...
2026-07-28 12:01:11 +08:00: 
2026-07-28 12:01:11 +08:00: > chinahuib2b@0.1.0 start
2026-07-28 12:01:11 +08:00: > next start
2026-07-28 12:01:11 +08:00: 
2026-07-28 12:01:11 +08:00:    ▲ Next.js 15.5.18
2026-07-28 12:01:11 +08:00:    - Local:        http://localhost:3000
2026-07-28 12:01:11 +08:00:    - Network:      http://192.168.43.11:3000
2026-07-28 12:01:11 +08:00: 
2026-07-28 12:01:11 +08:00:  ✓ Starting...
2026-07-28 12:01:26 +08:00: 
2026-07-28 12:01:26 +08:00: > chinahuib2b@0.1.0 start
2026-07-28 12:01:26 +08:00: > next start
2026-07-28 12:01:26 +08:00: 
2026-07-28 12:01:27 +08:00:    ▲ Next.js 15.5.18
2026-07-28 12:01:27 +08:00:    - Local:        http://localhost:3000
2026-07-28 12:01:27 +08:00:    - Network:      http://192.168.43.11:3000
2026-07-28 12:01:27 +08:00: 
2026-07-28 12:01:27 +08:00:  ✓ Starting...
2026-07-28 12:01:42 +08:00: 
2026-07-28 12:01:42 +08:00: > chinahuib2b@0.1.0 start
2026-07-28 12:01:42 +08:00: > next start
2026-07-28 12:01:42 +08:00: 
2026-07-28 12:01:42 +08:00:    ▲ Next.js 15.5.18
2026-07-28 12:01:42 +08:00:    - Local:        http://localhost:3000
2026-07-28 12:01:42 +08:00:    - Network:      http://192.168.43.11:3000
2026-07-28 12:01:42 +08:00: 
2026-07-28 12:01:42 +08:00:  ✓ Starting...
2026-07-28 12:01:58 +08:00: 
2026-07-28 12:01:58 +08:00: > chinahuib2b@0.1.0 start
2026-07-28 12:01:58 +08:00: > next start
2026-07-28 12:01:58 +08:00: 
2026-07-28 12:01:58 +08:00:    ▲ Next.js 15.5.18
2026-07-28 12:01:58 +08:00:    - Local:        http://localhost:3000
2026-07-28 12:01:58 +08:00:    - Network:      http://192.168.43.11:3000
2026-07-28 12:01:58 +08:00: 
2026-07-28 12:01:58 +08:00:  ✓ Starting...
2026-07-28 12:02:14 +08:00: 
2026-07-28 12:02:14 +08:00: > chinahuib2b@0.1.0 start
2026-07-28 12:02:14 +08:00: > next start
2026-07-28 12:02:14 +08:00: 
2026-07-28 12:02:14 +08:00:    ▲ Next.js 15.5.18
2026-07-28 12:02:14 +08:00:    - Local:        http://localhost:3000
2026-07-28 12:02:14 +08:00:    - Network:      http://192.168.43.11:3000
2026-07-28 12:02:14 +08:00: 
2026-07-28 12:02:14 +08:00:  ✓ Starting...
2026-07-28 12:02:30 +08:00: 
2026-07-28 12:02:30 +08:00: > chinahuib2b@0.1.0 start
2026-07-28 12:02:30 +08:00: > next start
2026-07-28 12:02:30 +08:00: 
2026-07-28 12:02:30 +08:00:    ▲ Next.js 15.5.18
2026-07-28 12:02:30 +08:00:    - Local:        http://localhost:3000
2026-07-28 12:02:30 +08:00:    - Network:      http://192.168.43.11:3000
2026-07-28 12:02:30 +08:00: 
2026-07-28 12:02:30 +08:00:  ✓ Starting...
2026-07-28 12:02:45 +08:00: 
2026-07-28 12:02:45 +08:00: > chinahuib2b@0.1.0 start
2026-07-28 12:02:45 +08:00: > next start
2026-07-28 12:02:45 +08:00: 
2026-07-28 12:02:45 +08:00:    ▲ Next.js 15.5.18
2026-07-28 12:02:45 +08:00:    - Local:        http://localhost:3000
2026-07-28 12:02:45 +08:00:    - Network:      http://192.168.43.11:3000
2026-07-28 12:02:45 +08:00: 
2026-07-28 12:02:45 +08:00:  ✓ Starting...
2026-07-28 12:03:01 +08:00: 
2026-07-28 12:03:01 +08:00: > chinahuib2b@0.1.0 start
2026-07-28 12:03:01 +08:00: > next start
2026-07-28 12:03:01 +08:00: 
2026-07-28 12:03:01 +08:00:    ▲ Next.js 15.5.18
2026-07-28 12:03:01 +08:00:    - Local:        http://localhost:3000
2026-07-28 12:03:01 +08:00:    - Network:      http://192.168.43.11:3000
2026-07-28 12:03:01 +08:00: 
2026-07-28 12:03:01 +08:00:  ✓ Starting...
2026-07-28 12:03:17 +08:00: 
2026-07-28 12:03:17 +08:00: > chinahuib2b@0.1.0 start
2026-07-28 12:03:17 +08:00: > next start
2026-07-28 12:03:17 +08:00: 
2026-07-28 12:03:17 +08:00:    ▲ Next.js 15.5.18
2026-07-28 12:03:17 +08:00:    - Local:        http://localhost:3000
2026-07-28 12:03:17 +08:00:    - Network:      http://192.168.43.11:3000
2026-07-28 12:03:17 +08:00: 
2026-07-28 12:03:17 +08:00:  ✓ Starting...
2026-07-28 12:03:33 +08:00: 
2026-07-28 12:03:33 +08:00: > chinahuib2b@0.1.0 start
2026-07-28 12:03:33 +08:00: > next start
2026-07-28 12:03:33 +08:00: 
2026-07-28 12:03:33 +08:00:    ▲ Next.js 15.5.18
2026-07-28 12:03:33 +08:00:    - Local:        http://localhost:3000
2026-07-28 12:03:33 +08:00:    - Network:      http://192.168.43.11:3000
2026-07-28 12:03:33 +08:00: 
2026-07-28 12:03:33 +08:00:  ✓ Starting...
2026-07-28 12:03:48 +08:00: 
2026-07-28 12:03:48 +08:00: > chinahuib2b@0.1.0 start
2026-07-28 12:03:48 +08:00: > next start
2026-07-28 12:03:48 +08:00: 
2026-07-28 12:03:49 +08:00:    ▲ Next.js 15.5.18
2026-07-28 12:03:49 +08:00:    - Local:        http://localhost:3000
2026-07-28 12:03:49 +08:00:    - Network:      http://192.168.43.11:3000
2026-07-28 12:03:49 +08:00: 
2026-07-28 12:03:49 +08:00:  ✓ Starting...
2026-07-28 12:04:04 +08:00: 
2026-07-28 12:04:04 +08:00: > chinahuib2b@0.1.0 start
2026-07-28 12:04:04 +08:00: > next start
2026-07-28 12:04:04 +08:00: 
2026-07-28 12:04:04 +08:00:    ▲ Next.js 15.5.18
2026-07-28 12:04:04 +08:00:    - Local:        http://localhost:3000
2026-07-28 12:04:04 +08:00:    - Network:      http://192.168.43.11:3000
2026-07-28 12:04:04 +08:00: 
2026-07-28 12:04:04 +08:00:  ✓ Starting...
2026-07-28 12:04:20 +08:00: 
2026-07-28 12:04:20 +08:00: > chinahuib2b@0.1.0 start
2026-07-28 12:04:20 +08:00: > next start
2026-07-28 12:04:20 +08:00: 
2026-07-28 12:04:20 +08:00:    ▲ Next.js 15.5.18
2026-07-28 12:04:20 +08:00:    - Local:        http://localhost:3000
2026-07-28 12:04:20 +08:00:    - Network:      http://192.168.43.11:3000
2026-07-28 12:04:20 +08:00: 
2026-07-28 12:04:20 +08:00:  ✓ Starting...
2026-07-28 12:04:36 +08:00: 
2026-07-28 12:04:36 +08:00: > chinahuib2b@0.1.0 start
2026-07-28 12:04:36 +08:00: > next start
2026-07-28 12:04:36 +08:00: 
2026-07-28 12:04:36 +08:00:    ▲ Next.js 15.5.18
2026-07-28 12:04:36 +08:00:    - Local:        http://localhost:3000
2026-07-28 12:04:36 +08:00:    - Network:      http://192.168.43.11:3000
2026-07-28 12:04:36 +08:00: 
2026-07-28 12:04:36 +08:00:  ✓ Starting...
2026-07-28 12:04:51 +08:00: 
2026-07-28 12:04:51 +08:00: > chinahuib2b@0.1.0 start
2026-07-28 12:04:51 +08:00: > next start
2026-07-28 12:04:51 +08:00: 
2026-07-28 12:04:52 +08:00:    ▲ Next.js 15.5.18
2026-07-28 12:04:52 +08:00:    - Local:        http://localhost:3000
2026-07-28 12:04:52 +08:00:    - Network:      http://192.168.43.11:3000
2026-07-28 12:04:52 +08:00: 
2026-07-28 12:04:52 +08:00:  ✓ Starting...
2026-07-28 12:05:07 +08:00: 
2026-07-28 12:05:07 +08:00: > chinahuib2b@0.1.0 start
2026-07-28 12:05:07 +08:00: > next start
2026-07-28 12:05:07 +08:00: 
2026-07-28 12:05:08 +08:00:    ▲ Next.js 15.5.18
2026-07-28 12:05:08 +08:00:    - Local:        http://localhost:3000
2026-07-28 12:05:08 +08:00:    - Network:      http://192.168.43.11:3000
2026-07-28 12:05:08 +08:00: 
2026-07-28 12:05:08 +08:00:  ✓ Starting...
2026-07-28 12:05:24 +08:00: 
2026-07-28 12:05:24 +08:00: > chinahuib2b@0.1.0 start
2026-07-28 12:05:24 +08:00: > next start
2026-07-28 12:05:24 +08:00: 
2026-07-28 12:05:24 +08:00:    ▲ Next.js 15.5.18
2026-07-28 12:05:24 +08:00:    - Local:        http://localhost:3000
2026-07-28 12:05:24 +08:00:    - Network:      http://192.168.43.11:3000
2026-07-28 12:05:24 +08:00: 
2026-07-28 12:05:24 +08:00:  ✓ Starting...
2026-07-28 12:05:39 +08:00: 
2026-07-28 12:05:39 +08:00: > chinahuib2b@0.1.0 start
2026-07-28 12:05:39 +08:00: > next start
2026-07-28 12:05:39 +08:00: 
2026-07-28 12:05:40 +08:00:    ▲ Next.js 15.5.18
2026-07-28 12:05:40 +08:00:    - Local:        http://localhost:3000
2026-07-28 12:05:40 +08:00:    - Network:      http://192.168.43.11:3000
2026-07-28 12:05:40 +08:00: 
2026-07-28 12:05:40 +08:00:  ✓ Starting...
2026-07-28 12:05:40 +08:00:  ✓ Ready in 873ms
2026-07-28 12:05:42 +08:00: Redis connecting...
2026-07-28 12:05:42 +08:00: Redis ready
2026-07-28 12:05:42 +08:00: Redis connected successfully
2026-07-28 15:50:55 +08:00: 
2026-07-28 15:50:55 +08:00: > chinahuib2b@0.1.0 start
2026-07-28 15:50:55 +08:00: > next start
2026-07-28 15:50:55 +08:00: 
2026-07-28 15:50:55 +08:00:    ▲ Next.js 15.5.18
2026-07-28 15:50:55 +08:00:    - Local:        http://localhost:3000
2026-07-28 15:50:55 +08:00:    - Network:      http://192.168.43.11:3000
2026-07-28 15:50:55 +08:00: 
2026-07-28 15:50:55 +08:00:  ✓ Starting...
2026-07-28 15:50:56 +08:00:  ✓ Ready in 704ms
2026-07-28 15:50:57 +08:00: Redis connecting...
2026-07-28 15:50:57 +08:00: Redis ready
2026-07-28 15:50:57 +08:00: Redis connected successfully
2026-07-28 17:54:09 +08:00: 
2026-07-28 17:54:09 +08:00: > chinahuib2b@0.1.0 start
2026-07-28 17:54:09 +08:00: > next start
2026-07-28 17:54:09 +08:00: 
2026-07-28 17:54:09 +08:00:    ▲ Next.js 15.5.18
2026-07-28 17:54:09 +08:00:    - Local:        http://localhost:3000
2026-07-28 17:54:09 +08:00:    - Network:      http://192.168.43.11:3000
2026-07-28 17:54:09 +08:00: 
2026-07-28 17:54:09 +08:00:  ✓ Starting...
2026-07-28 17:54:10 +08:00:  ✓ Ready in 660ms
2026-07-28 17:54:11 +08:00: Redis connecting...
2026-07-28 17:54:11 +08:00: Redis ready
2026-07-28 17:54:11 +08:00: Redis connected successfully
2026-07-30 19:48:52 +08:00: 
2026-07-30 19:48:52 +08:00: > chinahuib2b@0.1.0 start
2026-07-30 19:48:52 +08:00: > next start
2026-07-30 19:48:52 +08:00: 
2026-07-30 19:48:52 +08:00:    ▲ Next.js 15.5.18
2026-07-30 19:48:52 +08:00:    - Local:        http://localhost:3000
2026-07-30 19:48:52 +08:00:    - Network:      http://192.168.43.11:3000
2026-07-30 19:48:52 +08:00: 
2026-07-30 19:48:52 +08:00:  ✓ Starting...
2026-07-30 19:48:53 +08:00:  ✓ Ready in 1001ms
2026-07-30 19:48:55 +08:00: Redis connecting...
2026-07-30 19:48:55 +08:00: Redis ready
2026-07-30 19:48:55 +08:00: Redis connected successfully
2026-07-30 19:50:41 +08:00: 
2026-07-30 19:50:41 +08:00: > chinahuib2b@0.1.0 start
2026-07-30 19:50:41 +08:00: > next start
2026-07-30 19:50:41 +08:00: 
2026-07-30 19:50:41 +08:00:    ▲ Next.js 15.5.18
2026-07-30 19:50:41 +08:00:    - Local:        http://localhost:3000
2026-07-30 19:50:41 +08:00:    - Network:      http://192.168.43.11:3000
2026-07-30 19:50:41 +08:00: 
2026-07-30 19:50:41 +08:00:  ✓ Starting...
2026-07-30 19:50:42 +08:00:  ✓ Ready in 1072ms
2026-07-30 19:50:46 +08:00: Redis connecting...
2026-07-30 19:50:46 +08:00: Redis ready
2026-07-30 19:50:46 +08:00: Redis connected successfully
2026-07-30 19:54:07 +08:00: 
2026-07-30 19:54:07 +08:00: > chinahuib2b@0.1.0 start
2026-07-30 19:54:07 +08:00: > next start
2026-07-30 19:54:07 +08:00: 
2026-07-30 19:54:07 +08:00:    ▲ Next.js 15.5.18
2026-07-30 19:54:07 +08:00:    - Local:        http://localhost:3000
2026-07-30 19:54:07 +08:00:    - Network:      http://192.168.43.11:3000
2026-07-30 19:54:07 +08:00: 
2026-07-30 19:54:07 +08:00:  ✓ Starting...
2026-07-30 19:54:08 +08:00:  ✓ Ready in 709ms
2026-07-30 19:54:10 +08:00: Redis connecting...
2026-07-30 19:54:10 +08:00: Redis ready
2026-07-30 19:54:10 +08:00: Redis connected successfully
2026-07-30 19:55:36 +08:00: 
2026-07-30 19:55:36 +08:00: > chinahuib2b@0.1.0 start
2026-07-30 19:55:36 +08:00: > next start
2026-07-30 19:55:36 +08:00: 
2026-07-30 19:55:36 +08:00:    ▲ Next.js 15.5.18
2026-07-30 19:55:36 +08:00:    - Local:        http://localhost:3000
2026-07-30 19:55:36 +08:00:    - Network:      http://192.168.43.11:3000
2026-07-30 19:55:36 +08:00: 
2026-07-30 19:55:36 +08:00:  ✓ Starting...
2026-07-30 19:55:37 +08:00:  ✓ Ready in 654ms
2026-07-30 19:55:38 +08:00: Redis connecting...
2026-07-30 19:55:38 +08:00: Redis ready
2026-07-30 19:55:38 +08:00: Redis connected successfully
2026-07-30 19:56:07 +08:00: prisma:error 
2026-07-30 19:56:07 +08:00: Invalid `prisma.product.findMany()` invocation:
2026-07-30 19:56:07 +08:00: 
2026-07-30 19:56:07 +08:00: {
2026-07-30 19:56:07 +08:00:   where: {
2026-07-30 19:56:07 +08:00:     isActive: true,
2026-07-30 19:56:07 +08:00:     isPublished: true,
2026-07-30 19:56:07 +08:00:     ~~~~~~~~~~~
2026-07-30 19:56:07 +08:00: ?   AND?: ProductWhereInput | ProductWhereInput[],
2026-07-30 19:56:07 +08:00: ?   OR?: ProductWhereInput[],
2026-07-30 19:56:07 +08:00: ?   NOT?: ProductWhereInput | ProductWhereInput[],
2026-07-30 19:56:07 +08:00: ?   id?: StringFilter | String,
2026-07-30 19:56:07 +08:00: ?   sellerId?: StringFilter | String,
2026-07-30 19:56:07 +08:00: ?   categoryId?: StringFilter | String,
2026-07-30 19:56:07 +08:00: ?   title?: StringFilter | String,
2026-07-30 19:56:07 +08:00: ?   titleEn?: StringNullableFilter | String | Null,
2026-07-30 19:56:07 +08:00: ?   description?: StringNullableFilter | String | Null,
2026-07-30 19:56:07 +08:00: ?   specifications?: JsonNullableFilter,
2026-07-30 19:56:07 +08:00: ?   minOrderQty?: IntNullableFilter | Int | Null,
2026-07-30 19:56:07 +08:00: ?   supplyCapacity?: StringNullableFilter | String | Null,
2026-07-30 19:56:07 +08:00: ?   mainImageUrl?: StringFilter | String,
2026-07-30 19:56:07 +08:00: ?   images?: StringNullableListFilter,
2026-07-30 19:56:07 +08:00: ?   videos?: StringNullableListFilter,
2026-07-30 19:56:07 +08:00: ?   documents?: JsonNullableFilter,
2026-07-30 19:56:07 +08:00: ?   hasBrochure?: BoolFilter | Boolean,
2026-07-30 19:56:07 +08:00: ?   viewCount?: IntFilter | Int,
2026-07-30 19:56:07 +08:00: ?   inquiryCount?: IntFilter | Int,
2026-07-30 19:56:07 +08:00: ?   isFeatured?: BoolFilter | Boolean,
2026-07-30 19:56:07 +08:00: ?   createdAt?: DateTimeFilter | DateTime,
2026-07-30 19:56:07 +08:00: ?   updatedAt?: DateTimeFilter | DateTime,
2026-07-30 19:56:07 +08:00: ?   boothId?: StringNullableFilter | String | Null,
2026-07-30 19:56:07 +08:00: ?   descriptions?: JsonNullableFilter,
2026-07-30 19:56:07 +08:00: ?   titles?: JsonNullableFilter,
2026-07-30 19:56:07 +08:00: ?   inquiries?: InquiryListRelationFilter,
2026-07-30 19:56:07 +08:00: ?   reviews?: ReviewListRelationFilter,
2026-07-30 19:56:07 +08:00: ?   booth?: BoothNullableScalarRelationFilter | BoothWhereInput | Null,
2026-07-30 19:56:07 +08:00: ?   category?: CategoryScalarRelationFilter | CategoryWhereInput,
2026-07-30 19:56:07 +08:00: ?   seller?: SellerProfileScalarRelationFilter | SellerProfileWhereInput,
2026-07-30 19:56:07 +08:00: ?   brochure?: ProductBrochureNullableScalarRelationFilter | ProductBrochureWhereInput | Null
2026-07-30 19:56:07 +08:00:   },
2026-07-30 19:56:07 +08:00:   select: {
2026-07-30 19:56:07 +08:00:     id: true,
2026-07-30 19:56:07 +08:00:     slug: true,
2026-07-30 19:56:07 +08:00:     updatedAt: true
2026-07-30 19:56:07 +08:00:   },
2026-07-30 19:56:07 +08:00:   take: 1000
2026-07-30 19:56:07 +08:00: }
2026-07-30 19:56:07 +08:00: 
2026-07-30 19:56:07 +08:00: Unknown argument `isPublished`. Available options are marked with ?.
2026-07-30 19:56:07 +08:00: prisma:error 
2026-07-30 19:56:07 +08:00: Invalid `prisma.auctionListing.findMany()` invocation:
2026-07-30 19:56:07 +08:00: 
2026-07-30 19:56:07 +08:00: {
2026-07-30 19:56:07 +08:00:   where: {
2026-07-30 19:56:07 +08:00:     status: {
2026-07-30 19:56:07 +08:00:       in: [
2026-07-30 19:56:07 +08:00:         "ACTIVE",
2026-07-30 19:56:07 +08:00:         "PENDING"
2026-07-30 19:56:07 +08:00:       ]
2026-07-30 19:56:07 +08:00:       ~~~~~~~~~~~
2026-07-30 19:56:07 +08:00:     }
2026-07-30 19:56:07 +08:00:   },
2026-07-30 19:56:07 +08:00:   select: {
2026-07-30 19:56:07 +08:00:     id: true,
2026-07-30 19:56:07 +08:00:     updatedAt: true,
2026-07-30 19:56:07 +08:00:     title: true
2026-07-30 19:56:07 +08:00:   },
2026-07-30 19:56:07 +08:00:   take: 2000
2026-07-30 19:56:07 +08:00: }
2026-07-30 19:56:07 +08:00: 
2026-07-30 19:56:07 +08:00: Invalid value for argument `in`. Expected AuctionStatus.
2026-07-30 19:57:21 +08:00: 
2026-07-30 19:57:21 +08:00: > chinahuib2b@0.1.0 start
2026-07-30 19:57:21 +08:00: > next start
2026-07-30 19:57:21 +08:00: 
2026-07-30 19:57:21 +08:00:    ▲ Next.js 15.5.18
2026-07-30 19:57:21 +08:00:    - Local:        http://localhost:3000
2026-07-30 19:57:21 +08:00:    - Network:      http://192.168.43.11:3000
2026-07-30 19:57:21 +08:00: 
2026-07-30 19:57:21 +08:00:  ✓ Starting...
2026-07-30 19:57:22 +08:00:  ✓ Ready in 975ms
2026-07-30 19:57:24 +08:00: Redis connecting...
2026-07-30 19:57:25 +08:00: Redis ready
2026-07-30 19:57:25 +08:00: Redis connected successfully
2026-07-30 19:57:58 +08:00: prisma:error 
2026-07-30 19:57:58 +08:00: Invalid `prisma.product.findMany()` invocation:
2026-07-30 19:57:58 +08:00: 
2026-07-30 19:57:58 +08:00: {
2026-07-30 19:57:58 +08:00:   where: {
2026-07-30 19:57:58 +08:00:     isActive: true,
2026-07-30 19:57:58 +08:00:     isPublished: true,
2026-07-30 19:57:58 +08:00:     ~~~~~~~~~~~
2026-07-30 19:57:58 +08:00: ?   AND?: ProductWhereInput | ProductWhereInput[],
2026-07-30 19:57:58 +08:00: ?   OR?: ProductWhereInput[],
2026-07-30 19:57:58 +08:00: ?   NOT?: ProductWhereInput | ProductWhereInput[],
2026-07-30 19:57:58 +08:00: ?   id?: StringFilter | String,
2026-07-30 19:57:58 +08:00: ?   sellerId?: StringFilter | String,
2026-07-30 19:57:58 +08:00: ?   categoryId?: StringFilter | String,
2026-07-30 19:57:58 +08:00: ?   title?: StringFilter | String,
2026-07-30 19:57:58 +08:00: ?   titleEn?: StringNullableFilter | String | Null,
2026-07-30 19:57:58 +08:00: ?   description?: StringNullableFilter | String | Null,
2026-07-30 19:57:58 +08:00: ?   specifications?: JsonNullableFilter,
2026-07-30 19:57:58 +08:00: ?   minOrderQty?: IntNullableFilter | Int | Null,
2026-07-30 19:57:58 +08:00: ?   supplyCapacity?: StringNullableFilter | String | Null,
2026-07-30 19:57:58 +08:00: ?   mainImageUrl?: StringFilter | String,
2026-07-30 19:57:58 +08:00: ?   images?: StringNullableListFilter,
2026-07-30 19:57:58 +08:00: ?   videos?: StringNullableListFilter,
2026-07-30 19:57:58 +08:00: ?   documents?: JsonNullableFilter,
2026-07-30 19:57:58 +08:00: ?   hasBrochure?: BoolFilter | Boolean,
2026-07-30 19:57:58 +08:00: ?   viewCount?: IntFilter | Int,
2026-07-30 19:57:58 +08:00: ?   inquiryCount?: IntFilter | Int,
2026-07-30 19:57:58 +08:00: ?   isFeatured?: BoolFilter | Boolean,
2026-07-30 19:57:58 +08:00: ?   createdAt?: DateTimeFilter | DateTime,
2026-07-30 19:57:58 +08:00: ?   updatedAt?: DateTimeFilter | DateTime,
2026-07-30 19:57:58 +08:00: ?   boothId?: StringNullableFilter | String | Null,
2026-07-30 19:57:58 +08:00: ?   descriptions?: JsonNullableFilter,
2026-07-30 19:57:58 +08:00: ?   titles?: JsonNullableFilter,
2026-07-30 19:57:58 +08:00: ?   inquiries?: InquiryListRelationFilter,
2026-07-30 19:57:58 +08:00: ?   reviews?: ReviewListRelationFilter,
2026-07-30 19:57:58 +08:00: ?   booth?: BoothNullableScalarRelationFilter | BoothWhereInput | Null,
2026-07-30 19:57:58 +08:00: ?   category?: CategoryScalarRelationFilter | CategoryWhereInput,
2026-07-30 19:57:58 +08:00: ?   seller?: SellerProfileScalarRelationFilter | SellerProfileWhereInput,
2026-07-30 19:57:58 +08:00: ?   brochure?: ProductBrochureNullableScalarRelationFilter | ProductBrochureWhereInput | Null
2026-07-30 19:57:58 +08:00:   },
2026-07-30 19:57:58 +08:00:   select: {
2026-07-30 19:57:58 +08:00:     id: true,
2026-07-30 19:57:58 +08:00:     slug: true,
2026-07-30 19:57:58 +08:00:     updatedAt: true
2026-07-30 19:57:58 +08:00:   },
2026-07-30 19:57:58 +08:00:   take: 1000
2026-07-30 19:57:58 +08:00: }
2026-07-30 19:57:58 +08:00: 
2026-07-30 19:57:58 +08:00: Unknown argument `isPublished`. Available options are marked with ?.
2026-07-30 19:57:58 +08:00: prisma:error 
2026-07-30 19:57:58 +08:00: Invalid `prisma.auctionListing.findMany()` invocation:
2026-07-30 19:57:58 +08:00: 
2026-07-30 19:57:58 +08:00: {
2026-07-30 19:57:58 +08:00:   where: {
2026-07-30 19:57:58 +08:00:     status: {
2026-07-30 19:57:58 +08:00:       in: [
2026-07-30 19:57:58 +08:00:         "ACTIVE",
2026-07-30 19:57:58 +08:00:         "PENDING"
2026-07-30 19:57:58 +08:00:       ]
2026-07-30 19:57:58 +08:00:       ~~~~~~~~~~~
2026-07-30 19:57:58 +08:00:     }
2026-07-30 19:57:58 +08:00:   },
2026-07-30 19:57:58 +08:00:   select: {
2026-07-30 19:57:58 +08:00:     id: true,
2026-07-30 19:57:58 +08:00:     updatedAt: true,
2026-07-30 19:57:58 +08:00:     title: true
2026-07-30 19:57:58 +08:00:   },
2026-07-30 19:57:58 +08:00:   take: 2000
2026-07-30 19:57:58 +08:00: }
2026-07-30 19:57:58 +08:00: 
2026-07-30 19:57:58 +08:00: Invalid value for argument `in`. Expected AuctionStatus.
2026-07-30 19:58:05 +08:00: prisma:error 
2026-07-30 19:58:05 +08:00: Invalid `prisma.product.findMany()` invocation:
2026-07-30 19:58:05 +08:00: 
2026-07-30 19:58:05 +08:00: {
2026-07-30 19:58:05 +08:00:   where: {
2026-07-30 19:58:05 +08:00:     isActive: true,
2026-07-30 19:58:05 +08:00:     isPublished: true,
2026-07-30 19:58:05 +08:00:     ~~~~~~~~~~~
2026-07-30 19:58:05 +08:00: ?   AND?: ProductWhereInput | ProductWhereInput[],
2026-07-30 19:58:05 +08:00: ?   OR?: ProductWhereInput[],
2026-07-30 19:58:05 +08:00: ?   NOT?: ProductWhereInput | ProductWhereInput[],
2026-07-30 19:58:05 +08:00: ?   id?: StringFilter | String,
2026-07-30 19:58:05 +08:00: ?   sellerId?: StringFilter | String,
2026-07-30 19:58:05 +08:00: ?   categoryId?: StringFilter | String,
2026-07-30 19:58:05 +08:00: ?   title?: StringFilter | String,
2026-07-30 19:58:05 +08:00: ?   titleEn?: StringNullableFilter | String | Null,
2026-07-30 19:58:05 +08:00: ?   description?: StringNullableFilter | String | Null,
2026-07-30 19:58:05 +08:00: ?   specifications?: JsonNullableFilter,
2026-07-30 19:58:05 +08:00: ?   minOrderQty?: IntNullableFilter | Int | Null,
2026-07-30 19:58:05 +08:00: ?   supplyCapacity?: StringNullableFilter | String | Null,
2026-07-30 19:58:05 +08:00: ?   mainImageUrl?: StringFilter | String,
2026-07-30 19:58:05 +08:00: ?   images?: StringNullableListFilter,
2026-07-30 19:58:05 +08:00: ?   videos?: StringNullableListFilter,
2026-07-30 19:58:05 +08:00: ?   documents?: JsonNullableFilter,
2026-07-30 19:58:05 +08:00: ?   hasBrochure?: BoolFilter | Boolean,
2026-07-30 19:58:05 +08:00: ?   viewCount?: IntFilter | Int,
2026-07-30 19:58:05 +08:00: ?   inquiryCount?: IntFilter | Int,
2026-07-30 19:58:05 +08:00: ?   isFeatured?: BoolFilter | Boolean,
2026-07-30 19:58:05 +08:00: ?   createdAt?: DateTimeFilter | DateTime,
2026-07-30 19:58:05 +08:00: ?   updatedAt?: DateTimeFilter | DateTime,
2026-07-30 19:58:05 +08:00: ?   boothId?: StringNullableFilter | String | Null,
2026-07-30 19:58:05 +08:00: ?   descriptions?: JsonNullableFilter,
2026-07-30 19:58:05 +08:00: ?   titles?: JsonNullableFilter,
2026-07-30 19:58:05 +08:00: ?   inquiries?: InquiryListRelationFilter,
2026-07-30 19:58:05 +08:00: ?   reviews?: ReviewListRelationFilter,
2026-07-30 19:58:05 +08:00: ?   booth?: BoothNullableScalarRelationFilter | BoothWhereInput | Null,
2026-07-30 19:58:05 +08:00: ?   category?: CategoryScalarRelationFilter | CategoryWhereInput,
2026-07-30 19:58:05 +08:00: ?   seller?: SellerProfileScalarRelationFilter | SellerProfileWhereInput,
2026-07-30 19:58:05 +08:00: ?   brochure?: ProductBrochureNullableScalarRelationFilter | ProductBrochureWhereInput | Null
2026-07-30 19:58:05 +08:00:   },
2026-07-30 19:58:05 +08:00:   select: {
2026-07-30 19:58:05 +08:00:     id: true,
2026-07-30 19:58:05 +08:00:     slug: true,
2026-07-30 19:58:05 +08:00:     updatedAt: true
2026-07-30 19:58:05 +08:00:   },
2026-07-30 19:58:05 +08:00:   take: 1000
2026-07-30 19:58:05 +08:00: }
2026-07-30 19:58:05 +08:00: 
2026-07-30 19:58:05 +08:00: Unknown argument `isPublished`. Available options are marked with ?.
2026-07-30 19:58:05 +08:00: prisma:error 
2026-07-30 19:58:05 +08:00: Invalid `prisma.auctionListing.findMany()` invocation:
2026-07-30 19:58:05 +08:00: 
2026-07-30 19:58:05 +08:00: {
2026-07-30 19:58:05 +08:00:   where: {
2026-07-30 19:58:05 +08:00:     status: {
2026-07-30 19:58:05 +08:00:       in: [
2026-07-30 19:58:05 +08:00:         "ACTIVE",
2026-07-30 19:58:05 +08:00:         "PENDING"
2026-07-30 19:58:05 +08:00:       ]
2026-07-30 19:58:05 +08:00:       ~~~~~~~~~~~
2026-07-30 19:58:05 +08:00:     }
2026-07-30 19:58:05 +08:00:   },
2026-07-30 19:58:05 +08:00:   select: {
2026-07-30 19:58:05 +08:00:     id: true,
2026-07-30 19:58:05 +08:00:     updatedAt: true,
2026-07-30 19:58:05 +08:00:     title: true
2026-07-30 19:58:05 +08:00:   },
2026-07-30 19:58:05 +08:00:   take: 2000
2026-07-30 19:58:05 +08:00: }
2026-07-30 19:58:05 +08:00: 
2026-07-30 19:58:05 +08:00: Invalid value for argument `in`. Expected AuctionStatus.
2026-07-30 19:58:19 +08:00: prisma:error 
2026-07-30 19:58:19 +08:00: Invalid `prisma.product.findMany()` invocation:
2026-07-30 19:58:19 +08:00: 
2026-07-30 19:58:19 +08:00: {
2026-07-30 19:58:19 +08:00:   where: {
2026-07-30 19:58:19 +08:00:     isActive: true,
2026-07-30 19:58:19 +08:00:     isPublished: true,
2026-07-30 19:58:19 +08:00:     ~~~~~~~~~~~
2026-07-30 19:58:19 +08:00: ?   AND?: ProductWhereInput | ProductWhereInput[],
2026-07-30 19:58:19 +08:00: ?   OR?: ProductWhereInput[],
2026-07-30 19:58:19 +08:00: ?   NOT?: ProductWhereInput | ProductWhereInput[],
2026-07-30 19:58:19 +08:00: ?   id?: StringFilter | String,
2026-07-30 19:58:19 +08:00: ?   sellerId?: StringFilter | String,
2026-07-30 19:58:19 +08:00: ?   categoryId?: StringFilter | String,
2026-07-30 19:58:19 +08:00: ?   title?: StringFilter | String,
2026-07-30 19:58:19 +08:00: ?   titleEn?: StringNullableFilter | String | Null,
2026-07-30 19:58:19 +08:00: ?   description?: StringNullableFilter | String | Null,
2026-07-30 19:58:19 +08:00: ?   specifications?: JsonNullableFilter,
2026-07-30 19:58:19 +08:00: ?   minOrderQty?: IntNullableFilter | Int | Null,
2026-07-30 19:58:19 +08:00: ?   supplyCapacity?: StringNullableFilter | String | Null,
2026-07-30 19:58:19 +08:00: ?   mainImageUrl?: StringFilter | String,
2026-07-30 19:58:19 +08:00: ?   images?: StringNullableListFilter,
2026-07-30 19:58:19 +08:00: ?   videos?: StringNullableListFilter,
2026-07-30 19:58:19 +08:00: ?   documents?: JsonNullableFilter,
2026-07-30 19:58:19 +08:00: ?   hasBrochure?: BoolFilter | Boolean,
2026-07-30 19:58:19 +08:00: ?   viewCount?: IntFilter | Int,
2026-07-30 19:58:19 +08:00: ?   inquiryCount?: IntFilter | Int,
2026-07-30 19:58:19 +08:00: ?   isFeatured?: BoolFilter | Boolean,
2026-07-30 19:58:19 +08:00: ?   createdAt?: DateTimeFilter | DateTime,
2026-07-30 19:58:19 +08:00: ?   updatedAt?: DateTimeFilter | DateTime,
2026-07-30 19:58:19 +08:00: ?   boothId?: StringNullableFilter | String | Null,
2026-07-30 19:58:19 +08:00: ?   descriptions?: JsonNullableFilter,
2026-07-30 19:58:19 +08:00: ?   titles?: JsonNullableFilter,
2026-07-30 19:58:19 +08:00: ?   inquiries?: InquiryListRelationFilter,
2026-07-30 19:58:19 +08:00: ?   reviews?: ReviewListRelationFilter,
2026-07-30 19:58:19 +08:00: ?   booth?: BoothNullableScalarRelationFilter | BoothWhereInput | Null,
2026-07-30 19:58:19 +08:00: ?   category?: CategoryScalarRelationFilter | CategoryWhereInput,
2026-07-30 19:58:19 +08:00: ?   seller?: SellerProfileScalarRelationFilter | SellerProfileWhereInput,
2026-07-30 19:58:19 +08:00: ?   brochure?: ProductBrochureNullableScalarRelationFilter | ProductBrochureWhereInput | Null
2026-07-30 19:58:19 +08:00:   },
2026-07-30 19:58:19 +08:00:   select: {
2026-07-30 19:58:19 +08:00:     id: true,
2026-07-30 19:58:19 +08:00:     slug: true,
2026-07-30 19:58:19 +08:00:     updatedAt: true
2026-07-30 19:58:19 +08:00:   },
2026-07-30 19:58:19 +08:00:   take: 1000
2026-07-30 19:58:19 +08:00: }
2026-07-30 19:58:19 +08:00: 
2026-07-30 19:58:19 +08:00: Unknown argument `isPublished`. Available options are marked with ?.
2026-07-30 19:58:19 +08:00: prisma:error 
2026-07-30 19:58:19 +08:00: Invalid `prisma.auctionListing.findMany()` invocation:
2026-07-30 19:58:19 +08:00: 
2026-07-30 19:58:19 +08:00: {
2026-07-30 19:58:19 +08:00:   where: {
2026-07-30 19:58:19 +08:00:     status: {
2026-07-30 19:58:19 +08:00:       in: [
2026-07-30 19:58:19 +08:00:         "ACTIVE",
2026-07-30 19:58:19 +08:00:         "PENDING"
2026-07-30 19:58:19 +08:00:       ]
2026-07-30 19:58:19 +08:00:       ~~~~~~~~~~~
2026-07-30 19:58:19 +08:00:     }
2026-07-30 19:58:19 +08:00:   },
2026-07-30 19:58:19 +08:00:   select: {
2026-07-30 19:58:19 +08:00:     id: true,
2026-07-30 19:58:19 +08:00:     updatedAt: true,
2026-07-30 19:58:19 +08:00:     title: true
2026-07-30 19:58:19 +08:00:   },
2026-07-30 19:58:19 +08:00:   take: 2000
2026-07-30 19:58:19 +08:00: }
2026-07-30 19:58:19 +08:00: 
2026-07-30 19:58:19 +08:00: Invalid value for argument `in`. Expected AuctionStatus.
2026-07-30 19:59:51 +08:00: 
2026-07-30 19:59:51 +08:00: > chinahuib2b@0.1.0 start
2026-07-30 19:59:51 +08:00: > next start
2026-07-30 19:59:51 +08:00: 
2026-07-30 19:59:52 +08:00:    ▲ Next.js 15.5.18
2026-07-30 19:59:52 +08:00:    - Local:        http://localhost:3000
2026-07-30 19:59:52 +08:00:    - Network:      http://192.168.43.11:3000
2026-07-30 19:59:52 +08:00: 
2026-07-30 19:59:52 +08:00:  ✓ Starting...
2026-07-30 19:59:52 +08:00:  ✓ Ready in 774ms
2026-07-30 19:59:54 +08:00: Redis connecting...
2026-07-30 19:59:54 +08:00: Redis ready
2026-07-30 19:59:54 +08:00: Redis connected successfully
2026-07-30 20:00:17 +08:00: prisma:error 
2026-07-30 20:00:17 +08:00: Invalid `prisma.product.findMany()` invocation:
2026-07-30 20:00:17 +08:00: 
2026-07-30 20:00:17 +08:00: {
2026-07-30 20:00:17 +08:00:   where: {
2026-07-30 20:00:17 +08:00:     isActive: true,
2026-07-30 20:00:17 +08:00:     isPublished: true,
2026-07-30 20:00:17 +08:00:     ~~~~~~~~~~~
2026-07-30 20:00:17 +08:00: ?   AND?: ProductWhereInput | ProductWhereInput[],
2026-07-30 20:00:17 +08:00: ?   OR?: ProductWhereInput[],
2026-07-30 20:00:17 +08:00: ?   NOT?: ProductWhereInput | ProductWhereInput[],
2026-07-30 20:00:17 +08:00: ?   id?: StringFilter | String,
2026-07-30 20:00:17 +08:00: ?   sellerId?: StringFilter | String,
2026-07-30 20:00:17 +08:00: ?   categoryId?: StringFilter | String,
2026-07-30 20:00:17 +08:00: ?   title?: StringFilter | String,
2026-07-30 20:00:17 +08:00: ?   titleEn?: StringNullableFilter | String | Null,
2026-07-30 20:00:17 +08:00: ?   description?: StringNullableFilter | String | Null,
2026-07-30 20:00:17 +08:00: ?   specifications?: JsonNullableFilter,
2026-07-30 20:00:17 +08:00: ?   minOrderQty?: IntNullableFilter | Int | Null,
2026-07-30 20:00:17 +08:00: ?   supplyCapacity?: StringNullableFilter | String | Null,
2026-07-30 20:00:17 +08:00: ?   mainImageUrl?: StringFilter | String,
2026-07-30 20:00:17 +08:00: ?   images?: StringNullableListFilter,
2026-07-30 20:00:17 +08:00: ?   videos?: StringNullableListFilter,
2026-07-30 20:00:17 +08:00: ?   documents?: JsonNullableFilter,
2026-07-30 20:00:17 +08:00: ?   hasBrochure?: BoolFilter | Boolean,
2026-07-30 20:00:17 +08:00: ?   viewCount?: IntFilter | Int,
2026-07-30 20:00:17 +08:00: ?   inquiryCount?: IntFilter | Int,
2026-07-30 20:00:17 +08:00: ?   isFeatured?: BoolFilter | Boolean,
2026-07-30 20:00:17 +08:00: ?   createdAt?: DateTimeFilter | DateTime,
2026-07-30 20:00:17 +08:00: ?   updatedAt?: DateTimeFilter | DateTime,
2026-07-30 20:00:17 +08:00: ?   boothId?: StringNullableFilter | String | Null,
2026-07-30 20:00:17 +08:00: ?   descriptions?: JsonNullableFilter,
2026-07-30 20:00:17 +08:00: ?   titles?: JsonNullableFilter,
2026-07-30 20:00:17 +08:00: ?   inquiries?: InquiryListRelationFilter,
2026-07-30 20:00:17 +08:00: ?   reviews?: ReviewListRelationFilter,
2026-07-30 20:00:17 +08:00: ?   booth?: BoothNullableScalarRelationFilter | BoothWhereInput | Null,
2026-07-30 20:00:17 +08:00: ?   category?: CategoryScalarRelationFilter | CategoryWhereInput,
2026-07-30 20:00:17 +08:00: ?   seller?: SellerProfileScalarRelationFilter | SellerProfileWhereInput,
2026-07-30 20:00:17 +08:00: ?   brochure?: ProductBrochureNullableScalarRelationFilter | ProductBrochureWhereInput | Null
2026-07-30 20:00:17 +08:00:   },
2026-07-30 20:00:17 +08:00:   select: {
2026-07-30 20:00:17 +08:00:     id: true,
2026-07-30 20:00:17 +08:00:     slug: true,
2026-07-30 20:00:17 +08:00:     updatedAt: true
2026-07-30 20:00:17 +08:00:   },
2026-07-30 20:00:17 +08:00:   take: 1000
2026-07-30 20:00:17 +08:00: }
2026-07-30 20:00:17 +08:00: 
2026-07-30 20:00:17 +08:00: Unknown argument `isPublished`. Available options are marked with ?.
2026-07-30 20:00:17 +08:00: prisma:error 
2026-07-30 20:00:17 +08:00: Invalid `prisma.auctionListing.findMany()` invocation:
2026-07-30 20:00:17 +08:00: 
2026-07-30 20:00:17 +08:00: {
2026-07-30 20:00:17 +08:00:   where: {
2026-07-30 20:00:17 +08:00:     status: {
2026-07-30 20:00:17 +08:00:       in: [
2026-07-30 20:00:17 +08:00:         "ACTIVE",
2026-07-30 20:00:17 +08:00:         "PENDING"
2026-07-30 20:00:17 +08:00:       ]
2026-07-30 20:00:17 +08:00:       ~~~~~~~~~~~
2026-07-30 20:00:17 +08:00:     }
2026-07-30 20:00:17 +08:00:   },
2026-07-30 20:00:17 +08:00:   select: {
2026-07-30 20:00:17 +08:00:     id: true,
2026-07-30 20:00:17 +08:00:     updatedAt: true,
2026-07-30 20:00:17 +08:00:     title: true
2026-07-30 20:00:17 +08:00:   },
2026-07-30 20:00:17 +08:00:   take: 2000
2026-07-30 20:00:17 +08:00: }
2026-07-30 20:00:17 +08:00: 
2026-07-30 20:00:17 +08:00: Invalid value for argument `in`. Expected AuctionStatus.
2026-07-30 20:00:17 +08:00: prisma:error 
2026-07-30 20:00:17 +08:00: Invalid `prisma.product.findMany()` invocation:
2026-07-30 20:00:17 +08:00: 
2026-07-30 20:00:17 +08:00: {
2026-07-30 20:00:17 +08:00:   where: {
2026-07-30 20:00:17 +08:00:     isActive: true,
2026-07-30 20:00:17 +08:00:     isPublished: true,
2026-07-30 20:00:17 +08:00:     ~~~~~~~~~~~
2026-07-30 20:00:17 +08:00: ?   AND?: ProductWhereInput | ProductWhereInput[],
2026-07-30 20:00:17 +08:00: ?   OR?: ProductWhereInput[],
2026-07-30 20:00:17 +08:00: ?   NOT?: ProductWhereInput | ProductWhereInput[],
2026-07-30 20:00:17 +08:00: ?   id?: StringFilter | String,
2026-07-30 20:00:17 +08:00: ?   sellerId?: StringFilter | String,
2026-07-30 20:00:17 +08:00: ?   categoryId?: StringFilter | String,
2026-07-30 20:00:17 +08:00: ?   title?: StringFilter | String,
2026-07-30 20:00:17 +08:00: ?   titleEn?: StringNullableFilter | String | Null,
2026-07-30 20:00:17 +08:00: ?   description?: StringNullableFilter | String | Null,
2026-07-30 20:00:17 +08:00: ?   specifications?: JsonNullableFilter,
2026-07-30 20:00:17 +08:00: ?   minOrderQty?: IntNullableFilter | Int | Null,
2026-07-30 20:00:17 +08:00: ?   supplyCapacity?: StringNullableFilter | String | Null,
2026-07-30 20:00:17 +08:00: ?   mainImageUrl?: StringFilter | String,
2026-07-30 20:00:17 +08:00: ?   images?: StringNullableListFilter,
2026-07-30 20:00:17 +08:00: ?   videos?: StringNullableListFilter,
2026-07-30 20:00:17 +08:00: ?   documents?: JsonNullableFilter,
2026-07-30 20:00:17 +08:00: ?   hasBrochure?: BoolFilter | Boolean,
2026-07-30 20:00:17 +08:00: ?   viewCount?: IntFilter | Int,
2026-07-30 20:00:17 +08:00: ?   inquiryCount?: IntFilter | Int,
2026-07-30 20:00:17 +08:00: ?   isFeatured?: BoolFilter | Boolean,
2026-07-30 20:00:17 +08:00: ?   createdAt?: DateTimeFilter | DateTime,
2026-07-30 20:00:17 +08:00: ?   updatedAt?: DateTimeFilter | DateTime,
2026-07-30 20:00:17 +08:00: ?   boothId?: StringNullableFilter | String | Null,
2026-07-30 20:00:17 +08:00: ?   descriptions?: JsonNullableFilter,
2026-07-30 20:00:17 +08:00: ?   titles?: JsonNullableFilter,
2026-07-30 20:00:17 +08:00: ?   inquiries?: InquiryListRelationFilter,
2026-07-30 20:00:17 +08:00: ?   reviews?: ReviewListRelationFilter,
2026-07-30 20:00:17 +08:00: ?   booth?: BoothNullableScalarRelationFilter | BoothWhereInput | Null,
2026-07-30 20:00:17 +08:00: ?   category?: CategoryScalarRelationFilter | CategoryWhereInput,
2026-07-30 20:00:17 +08:00: ?   seller?: SellerProfileScalarRelationFilter | SellerProfileWhereInput,
2026-07-30 20:00:17 +08:00: ?   brochure?: ProductBrochureNullableScalarRelationFilter | ProductBrochureWhereInput | Null
2026-07-30 20:00:17 +08:00:   },
2026-07-30 20:00:17 +08:00:   select: {
2026-07-30 20:00:17 +08:00:     id: true,
2026-07-30 20:00:17 +08:00:     slug: true,
2026-07-30 20:00:17 +08:00:     updatedAt: true
2026-07-30 20:00:17 +08:00:   },
2026-07-30 20:00:17 +08:00:   take: 1000
2026-07-30 20:00:17 +08:00: }
2026-07-30 20:00:17 +08:00: 
2026-07-30 20:00:17 +08:00: Unknown argument `isPublished`. Available options are marked with ?.
2026-07-30 20:00:17 +08:00: prisma:error 
2026-07-30 20:00:17 +08:00: Invalid `prisma.auctionListing.findMany()` invocation:
2026-07-30 20:00:17 +08:00: 
2026-07-30 20:00:17 +08:00: {
2026-07-30 20:00:17 +08:00:   where: {
2026-07-30 20:00:17 +08:00:     status: {
2026-07-30 20:00:17 +08:00:       in: [
2026-07-30 20:00:17 +08:00:         "ACTIVE",
2026-07-30 20:00:17 +08:00:         "PENDING"
2026-07-30 20:00:17 +08:00:       ]
2026-07-30 20:00:17 +08:00:       ~~~~~~~~~~~
2026-07-30 20:00:17 +08:00:     }
2026-07-30 20:00:17 +08:00:   },
2026-07-30 20:00:17 +08:00:   select: {
2026-07-30 20:00:17 +08:00:     id: true,
2026-07-30 20:00:17 +08:00:     updatedAt: true,
2026-07-30 20:00:17 +08:00:     title: true
2026-07-30 20:00:17 +08:00:   },
2026-07-30 20:00:17 +08:00:   take: 2000
2026-07-30 20:00:17 +08:00: }
2026-07-30 20:00:17 +08:00: 
2026-07-30 20:00:17 +08:00: Invalid value for argument `in`. Expected AuctionStatus.
2026-07-30 20:00:30 +08:00: prisma:error 
2026-07-30 20:00:30 +08:00: Invalid `prisma.product.findMany()` invocation:
2026-07-30 20:00:30 +08:00: 
2026-07-30 20:00:30 +08:00: {
2026-07-30 20:00:30 +08:00:   where: {
2026-07-30 20:00:30 +08:00:     isActive: true,
2026-07-30 20:00:30 +08:00:     isPublished: true,
2026-07-30 20:00:30 +08:00:     ~~~~~~~~~~~
2026-07-30 20:00:30 +08:00: ?   AND?: ProductWhereInput | ProductWhereInput[],
2026-07-30 20:00:30 +08:00: ?   OR?: ProductWhereInput[],
2026-07-30 20:00:30 +08:00: ?   NOT?: ProductWhereInput | ProductWhereInput[],
2026-07-30 20:00:30 +08:00: ?   id?: StringFilter | String,
2026-07-30 20:00:30 +08:00: ?   sellerId?: StringFilter | String,
2026-07-30 20:00:30 +08:00: ?   categoryId?: StringFilter | String,
2026-07-30 20:00:30 +08:00: ?   title?: StringFilter | String,
2026-07-30 20:00:30 +08:00: ?   titleEn?: StringNullableFilter | String | Null,
2026-07-30 20:00:30 +08:00: ?   description?: StringNullableFilter | String | Null,
2026-07-30 20:00:30 +08:00: ?   specifications?: JsonNullableFilter,
2026-07-30 20:00:30 +08:00: ?   minOrderQty?: IntNullableFilter | Int | Null,
2026-07-30 20:00:30 +08:00: ?   supplyCapacity?: StringNullableFilter | String | Null,
2026-07-30 20:00:30 +08:00: ?   mainImageUrl?: StringFilter | String,
2026-07-30 20:00:30 +08:00: ?   images?: StringNullableListFilter,
2026-07-30 20:00:30 +08:00: ?   videos?: StringNullableListFilter,
2026-07-30 20:00:30 +08:00: ?   documents?: JsonNullableFilter,
2026-07-30 20:00:30 +08:00: ?   hasBrochure?: BoolFilter | Boolean,
2026-07-30 20:00:30 +08:00: ?   viewCount?: IntFilter | Int,
2026-07-30 20:00:30 +08:00: ?   inquiryCount?: IntFilter | Int,
2026-07-30 20:00:30 +08:00: ?   isFeatured?: BoolFilter | Boolean,
2026-07-30 20:00:30 +08:00: ?   createdAt?: DateTimeFilter | DateTime,
2026-07-30 20:00:30 +08:00: ?   updatedAt?: DateTimeFilter | DateTime,
2026-07-30 20:00:30 +08:00: ?   boothId?: StringNullableFilter | String | Null,
2026-07-30 20:00:30 +08:00: ?   descriptions?: JsonNullableFilter,
2026-07-30 20:00:30 +08:00: ?   titles?: JsonNullableFilter,
2026-07-30 20:00:30 +08:00: ?   inquiries?: InquiryListRelationFilter,
2026-07-30 20:00:30 +08:00: ?   reviews?: ReviewListRelationFilter,
2026-07-30 20:00:30 +08:00: ?   booth?: BoothNullableScalarRelationFilter | BoothWhereInput | Null,
2026-07-30 20:00:30 +08:00: ?   category?: CategoryScalarRelationFilter | CategoryWhereInput,
2026-07-30 20:00:30 +08:00: ?   seller?: SellerProfileScalarRelationFilter | SellerProfileWhereInput,
2026-07-30 20:00:30 +08:00: ?   brochure?: ProductBrochureNullableScalarRelationFilter | ProductBrochureWhereInput | Null
2026-07-30 20:00:30 +08:00:   },
2026-07-30 20:00:30 +08:00:   select: {
2026-07-30 20:00:30 +08:00:     id: true,
2026-07-30 20:00:30 +08:00:     slug: true,
2026-07-30 20:00:30 +08:00:     updatedAt: true
2026-07-30 20:00:30 +08:00:   },
2026-07-30 20:00:30 +08:00:   take: 1000
2026-07-30 20:00:30 +08:00: }
2026-07-30 20:00:30 +08:00: 
2026-07-30 20:00:30 +08:00: Unknown argument `isPublished`. Available options are marked with ?.
2026-07-30 20:00:31 +08:00: prisma:error 
2026-07-30 20:00:31 +08:00: Invalid `prisma.auctionListing.findMany()` invocation:
2026-07-30 20:00:31 +08:00: 
2026-07-30 20:00:31 +08:00: {
2026-07-30 20:00:31 +08:00:   where: {
2026-07-30 20:00:31 +08:00:     status: {
2026-07-30 20:00:31 +08:00:       in: [
2026-07-30 20:00:31 +08:00:         "ACTIVE",
2026-07-30 20:00:31 +08:00:         "PENDING"
2026-07-30 20:00:31 +08:00:       ]
2026-07-30 20:00:31 +08:00:       ~~~~~~~~~~~
2026-07-30 20:00:31 +08:00:     }
2026-07-30 20:00:31 +08:00:   },
2026-07-30 20:00:31 +08:00:   select: {
2026-07-30 20:00:31 +08:00:     id: true,
2026-07-30 20:00:31 +08:00:     updatedAt: true,
2026-07-30 20:00:31 +08:00:     title: true
2026-07-30 20:00:31 +08:00:   },
2026-07-30 20:00:31 +08:00:   take: 2000
2026-07-30 20:00:31 +08:00: }
2026-07-30 20:00:31 +08:00: 
2026-07-30 20:00:31 +08:00: Invalid value for argument `in`. Expected AuctionStatus.
2026-07-30 20:01:17 +08:00: prisma:error 
2026-07-30 20:01:17 +08:00: Invalid `prisma.product.findMany()` invocation:
2026-07-30 20:01:17 +08:00: 
2026-07-30 20:01:17 +08:00: {
2026-07-30 20:01:17 +08:00:   where: {
2026-07-30 20:01:17 +08:00:     isActive: true,
2026-07-30 20:01:17 +08:00:     isPublished: true,
2026-07-30 20:01:17 +08:00:     ~~~~~~~~~~~
2026-07-30 20:01:17 +08:00: ?   AND?: ProductWhereInput | ProductWhereInput[],
2026-07-30 20:01:17 +08:00: ?   OR?: ProductWhereInput[],
2026-07-30 20:01:17 +08:00: ?   NOT?: ProductWhereInput | ProductWhereInput[],
2026-07-30 20:01:17 +08:00: ?   id?: StringFilter | String,
2026-07-30 20:01:17 +08:00: ?   sellerId?: StringFilter | String,
2026-07-30 20:01:17 +08:00: ?   categoryId?: StringFilter | String,
2026-07-30 20:01:17 +08:00: ?   title?: StringFilter | String,
2026-07-30 20:01:17 +08:00: ?   titleEn?: StringNullableFilter | String | Null,
2026-07-30 20:01:17 +08:00: ?   description?: StringNullableFilter | String | Null,
2026-07-30 20:01:17 +08:00: ?   specifications?: JsonNullableFilter,
2026-07-30 20:01:17 +08:00: ?   minOrderQty?: IntNullableFilter | Int | Null,
2026-07-30 20:01:17 +08:00: ?   supplyCapacity?: StringNullableFilter | String | Null,
2026-07-30 20:01:17 +08:00: ?   mainImageUrl?: StringFilter | String,
2026-07-30 20:01:17 +08:00: ?   images?: StringNullableListFilter,
2026-07-30 20:01:17 +08:00: ?   videos?: StringNullableListFilter,
2026-07-30 20:01:17 +08:00: ?   documents?: JsonNullableFilter,
2026-07-30 20:01:17 +08:00: ?   hasBrochure?: BoolFilter | Boolean,
2026-07-30 20:01:17 +08:00: ?   viewCount?: IntFilter | Int,
2026-07-30 20:01:17 +08:00: ?   inquiryCount?: IntFilter | Int,
2026-07-30 20:01:17 +08:00: ?   isFeatured?: BoolFilter | Boolean,
2026-07-30 20:01:17 +08:00: ?   createdAt?: DateTimeFilter | DateTime,
2026-07-30 20:01:17 +08:00: ?   updatedAt?: DateTimeFilter | DateTime,
2026-07-30 20:01:17 +08:00: ?   boothId?: StringNullableFilter | String | Null,
2026-07-30 20:01:17 +08:00: ?   descriptions?: JsonNullableFilter,
2026-07-30 20:01:17 +08:00: ?   titles?: JsonNullableFilter,
2026-07-30 20:01:17 +08:00: ?   inquiries?: InquiryListRelationFilter,
2026-07-30 20:01:17 +08:00: ?   reviews?: ReviewListRelationFilter,
2026-07-30 20:01:17 +08:00: ?   booth?: BoothNullableScalarRelationFilter | BoothWhereInput | Null,
2026-07-30 20:01:17 +08:00: ?   category?: CategoryScalarRelationFilter | CategoryWhereInput,
2026-07-30 20:01:17 +08:00: ?   seller?: SellerProfileScalarRelationFilter | SellerProfileWhereInput,
2026-07-30 20:01:17 +08:00: ?   brochure?: ProductBrochureNullableScalarRelationFilter | ProductBrochureWhereInput | Null
2026-07-30 20:01:17 +08:00:   },
2026-07-30 20:01:17 +08:00:   select: {
2026-07-30 20:01:17 +08:00:     id: true,
2026-07-30 20:01:17 +08:00:     slug: true,
2026-07-30 20:01:17 +08:00:     updatedAt: true
2026-07-30 20:01:17 +08:00:   },
2026-07-30 20:01:17 +08:00:   take: 1000
2026-07-30 20:01:17 +08:00: }
2026-07-30 20:01:17 +08:00: 
2026-07-30 20:01:17 +08:00: Unknown argument `isPublished`. Available options are marked with ?.
2026-07-30 20:01:17 +08:00: prisma:error 
2026-07-30 20:01:17 +08:00: Invalid `prisma.auctionListing.findMany()` invocation:
2026-07-30 20:01:17 +08:00: 
2026-07-30 20:01:17 +08:00: {
2026-07-30 20:01:17 +08:00:   where: {
2026-07-30 20:01:17 +08:00:     status: {
2026-07-30 20:01:17 +08:00:       in: [
2026-07-30 20:01:17 +08:00:         "ACTIVE",
2026-07-30 20:01:17 +08:00:         "PENDING"
2026-07-30 20:01:17 +08:00:       ]
2026-07-30 20:01:17 +08:00:       ~~~~~~~~~~~
2026-07-30 20:01:17 +08:00:     }
2026-07-30 20:01:17 +08:00:   },
2026-07-30 20:01:17 +08:00:   select: {
2026-07-30 20:01:17 +08:00:     id: true,
2026-07-30 20:01:17 +08:00:     updatedAt: true,
2026-07-30 20:01:17 +08:00:     title: true
2026-07-30 20:01:17 +08:00:   },
2026-07-30 20:01:17 +08:00:   take: 2000
2026-07-30 20:01:17 +08:00: }
2026-07-30 20:01:17 +08:00: 
2026-07-30 20:01:17 +08:00: Invalid value for argument `in`. Expected AuctionStatus.
2026-07-30 20:01:42 +08:00: prisma:error 
2026-07-30 20:01:42 +08:00: Invalid `prisma.product.findMany()` invocation:
2026-07-30 20:01:42 +08:00: 
2026-07-30 20:01:42 +08:00: {
2026-07-30 20:01:42 +08:00:   where: {
2026-07-30 20:01:42 +08:00:     isActive: true,
2026-07-30 20:01:42 +08:00:     isPublished: true,
2026-07-30 20:01:42 +08:00:     ~~~~~~~~~~~
2026-07-30 20:01:42 +08:00: ?   AND?: ProductWhereInput | ProductWhereInput[],
2026-07-30 20:01:42 +08:00: ?   OR?: ProductWhereInput[],
2026-07-30 20:01:42 +08:00: ?   NOT?: ProductWhereInput | ProductWhereInput[],
2026-07-30 20:01:42 +08:00: ?   id?: StringFilter | String,
2026-07-30 20:01:42 +08:00: ?   sellerId?: StringFilter | String,
2026-07-30 20:01:42 +08:00: ?   categoryId?: StringFilter | String,
2026-07-30 20:01:42 +08:00: ?   title?: StringFilter | String,
2026-07-30 20:01:42 +08:00: ?   titleEn?: StringNullableFilter | String | Null,
2026-07-30 20:01:42 +08:00: ?   description?: StringNullableFilter | String | Null,
2026-07-30 20:01:42 +08:00: ?   specifications?: JsonNullableFilter,
2026-07-30 20:01:42 +08:00: ?   minOrderQty?: IntNullableFilter | Int | Null,
2026-07-30 20:01:42 +08:00: ?   supplyCapacity?: StringNullableFilter | String | Null,
2026-07-30 20:01:42 +08:00: ?   mainImageUrl?: StringFilter | String,
2026-07-30 20:01:42 +08:00: ?   images?: StringNullableListFilter,
2026-07-30 20:01:42 +08:00: ?   videos?: StringNullableListFilter,
2026-07-30 20:01:42 +08:00: ?   documents?: JsonNullableFilter,
2026-07-30 20:01:42 +08:00: ?   hasBrochure?: BoolFilter | Boolean,
2026-07-30 20:01:42 +08:00: ?   viewCount?: IntFilter | Int,
2026-07-30 20:01:42 +08:00: ?   inquiryCount?: IntFilter | Int,
2026-07-30 20:01:42 +08:00: ?   isFeatured?: BoolFilter | Boolean,
2026-07-30 20:01:42 +08:00: ?   createdAt?: DateTimeFilter | DateTime,
2026-07-30 20:01:42 +08:00: ?   updatedAt?: DateTimeFilter | DateTime,
2026-07-30 20:01:42 +08:00: ?   boothId?: StringNullableFilter | String | Null,
2026-07-30 20:01:42 +08:00: ?   descriptions?: JsonNullableFilter,
2026-07-30 20:01:42 +08:00: ?   titles?: JsonNullableFilter,
2026-07-30 20:01:42 +08:00: ?   inquiries?: InquiryListRelationFilter,
2026-07-30 20:01:42 +08:00: ?   reviews?: ReviewListRelationFilter,
2026-07-30 20:01:42 +08:00: ?   booth?: BoothNullableScalarRelationFilter | BoothWhereInput | Null,
2026-07-30 20:01:42 +08:00: ?   category?: CategoryScalarRelationFilter | CategoryWhereInput,
2026-07-30 20:01:42 +08:00: ?   seller?: SellerProfileScalarRelationFilter | SellerProfileWhereInput,
2026-07-30 20:01:42 +08:00: ?   brochure?: ProductBrochureNullableScalarRelationFilter | ProductBrochureWhereInput | Null
2026-07-30 20:01:42 +08:00:   },
2026-07-30 20:01:42 +08:00:   select: {
2026-07-30 20:01:42 +08:00:     id: true,
2026-07-30 20:01:42 +08:00:     slug: true,
2026-07-30 20:01:42 +08:00:     updatedAt: true
2026-07-30 20:01:42 +08:00:   },
2026-07-30 20:01:42 +08:00:   take: 1000
2026-07-30 20:01:42 +08:00: }
2026-07-30 20:01:42 +08:00: 
2026-07-30 20:01:42 +08:00: Unknown argument `isPublished`. Available options are marked with ?.
2026-07-30 20:01:42 +08:00: prisma:error 
2026-07-30 20:01:42 +08:00: Invalid `prisma.auctionListing.findMany()` invocation:
2026-07-30 20:01:42 +08:00: 
2026-07-30 20:01:42 +08:00: {
2026-07-30 20:01:42 +08:00:   where: {
2026-07-30 20:01:42 +08:00:     status: {
2026-07-30 20:01:42 +08:00:       in: [
2026-07-30 20:01:42 +08:00:         "ACTIVE",
2026-07-30 20:01:42 +08:00:         "PENDING"
2026-07-30 20:01:42 +08:00:       ]
2026-07-30 20:01:42 +08:00:       ~~~~~~~~~~~
2026-07-30 20:01:42 +08:00:     }
2026-07-30 20:01:42 +08:00:   },
2026-07-30 20:01:42 +08:00:   select: {
2026-07-30 20:01:42 +08:00:     id: true,
2026-07-30 20:01:42 +08:00:     updatedAt: true,
2026-07-30 20:01:42 +08:00:     title: true
2026-07-30 20:01:42 +08:00:   },
2026-07-30 20:01:42 +08:00:   take: 2000
2026-07-30 20:01:42 +08:00: }
2026-07-30 20:01:42 +08:00: 
2026-07-30 20:01:42 +08:00: Invalid value for argument `in`. Expected AuctionStatus.
2026-07-30 20:04:01 +08:00: 
2026-07-30 20:04:01 +08:00: > chinahuib2b@0.1.0 start
2026-07-30 20:04:01 +08:00: > next start
2026-07-30 20:04:01 +08:00: 
2026-07-30 20:04:01 +08:00:    ▲ Next.js 15.5.18
2026-07-30 20:04:01 +08:00:    - Local:        http://localhost:3000
2026-07-30 20:04:01 +08:00:    - Network:      http://192.168.43.11:3000
2026-07-30 20:04:01 +08:00: 
2026-07-30 20:04:01 +08:00:  ✓ Starting...
2026-07-30 20:04:02 +08:00:  ✓ Ready in 986ms
2026-07-30 20:04:04 +08:00: Redis connecting...
2026-07-30 20:04:04 +08:00: Redis ready
2026-07-30 20:04:04 +08:00: Redis connected successfully
2026-07-30 20:06:22 +08:00: 
2026-07-30 20:06:22 +08:00: > chinahuib2b@0.1.0 start
2026-07-30 20:06:22 +08:00: > next start
2026-07-30 20:06:22 +08:00: 
2026-07-30 20:06:22 +08:00:    ▲ Next.js 15.5.18
2026-07-30 20:06:22 +08:00:    - Local:        http://localhost:3000
2026-07-30 20:06:22 +08:00:    - Network:      http://192.168.43.11:3000
2026-07-30 20:06:22 +08:00: 
2026-07-30 20:06:22 +08:00:  ✓ Starting...
2026-07-30 20:06:23 +08:00:  ✓ Ready in 963ms
2026-07-30 20:06:25 +08:00: Redis connecting...
2026-07-30 20:06:25 +08:00: Redis ready
2026-07-30 20:06:25 +08:00: Redis connected successfully
2026-07-30 20:06:44 +08:00: prisma:error 
2026-07-30 20:06:44 +08:00: Invalid `prisma.product.findMany()` invocation:
2026-07-30 20:06:44 +08:00: 
2026-07-30 20:06:44 +08:00: {
2026-07-30 20:06:44 +08:00:   where: {
2026-07-30 20:06:44 +08:00:     isActive: true,
2026-07-30 20:06:44 +08:00:     isPublished: true,
2026-07-30 20:06:44 +08:00:     ~~~~~~~~~~~
2026-07-30 20:06:44 +08:00: ?   AND?: ProductWhereInput | ProductWhereInput[],
2026-07-30 20:06:44 +08:00: ?   OR?: ProductWhereInput[],
2026-07-30 20:06:44 +08:00: ?   NOT?: ProductWhereInput | ProductWhereInput[],
2026-07-30 20:06:44 +08:00: ?   id?: StringFilter | String,
2026-07-30 20:06:44 +08:00: ?   sellerId?: StringFilter | String,
2026-07-30 20:06:44 +08:00: ?   categoryId?: StringFilter | String,
2026-07-30 20:06:44 +08:00: ?   title?: StringFilter | String,
2026-07-30 20:06:44 +08:00: ?   titleEn?: StringNullableFilter | String | Null,
2026-07-30 20:06:44 +08:00: ?   description?: StringNullableFilter | String | Null,
2026-07-30 20:06:44 +08:00: ?   specifications?: JsonNullableFilter,
2026-07-30 20:06:44 +08:00: ?   minOrderQty?: IntNullableFilter | Int | Null,
2026-07-30 20:06:44 +08:00: ?   supplyCapacity?: StringNullableFilter | String | Null,
2026-07-30 20:06:44 +08:00: ?   mainImageUrl?: StringFilter | String,
2026-07-30 20:06:44 +08:00: ?   images?: StringNullableListFilter,
2026-07-30 20:06:44 +08:00: ?   videos?: StringNullableListFilter,
2026-07-30 20:06:44 +08:00: ?   documents?: JsonNullableFilter,
2026-07-30 20:06:44 +08:00: ?   hasBrochure?: BoolFilter | Boolean,
2026-07-30 20:06:44 +08:00: ?   viewCount?: IntFilter | Int,
2026-07-30 20:06:44 +08:00: ?   inquiryCount?: IntFilter | Int,
2026-07-30 20:06:44 +08:00: ?   isFeatured?: BoolFilter | Boolean,
2026-07-30 20:06:44 +08:00: ?   createdAt?: DateTimeFilter | DateTime,
2026-07-30 20:06:44 +08:00: ?   updatedAt?: DateTimeFilter | DateTime,
2026-07-30 20:06:44 +08:00: ?   boothId?: StringNullableFilter | String | Null,
2026-07-30 20:06:44 +08:00: ?   descriptions?: JsonNullableFilter,
2026-07-30 20:06:44 +08:00: ?   titles?: JsonNullableFilter,
2026-07-30 20:06:44 +08:00: ?   inquiries?: InquiryListRelationFilter,
2026-07-30 20:06:44 +08:00: ?   reviews?: ReviewListRelationFilter,
2026-07-30 20:06:44 +08:00: ?   booth?: BoothNullableScalarRelationFilter | BoothWhereInput | Null,
2026-07-30 20:06:44 +08:00: ?   category?: CategoryScalarRelationFilter | CategoryWhereInput,
2026-07-30 20:06:44 +08:00: ?   seller?: SellerProfileScalarRelationFilter | SellerProfileWhereInput,
2026-07-30 20:06:44 +08:00: ?   brochure?: ProductBrochureNullableScalarRelationFilter | ProductBrochureWhereInput | Null
2026-07-30 20:06:44 +08:00:   },
2026-07-30 20:06:44 +08:00:   select: {
2026-07-30 20:06:44 +08:00:     id: true,
2026-07-30 20:06:44 +08:00:     slug: true,
2026-07-30 20:06:44 +08:00:     updatedAt: true
2026-07-30 20:06:44 +08:00:   },
2026-07-30 20:06:44 +08:00:   take: 1000
2026-07-30 20:06:44 +08:00: }
2026-07-30 20:06:44 +08:00: 
2026-07-30 20:06:44 +08:00: Unknown argument `isPublished`. Available options are marked with ?.
2026-07-30 20:06:44 +08:00: prisma:error 
2026-07-30 20:06:44 +08:00: Invalid `prisma.auctionListing.findMany()` invocation:
2026-07-30 20:06:44 +08:00: 
2026-07-30 20:06:44 +08:00: {
2026-07-30 20:06:44 +08:00:   where: {
2026-07-30 20:06:44 +08:00:     status: {
2026-07-30 20:06:44 +08:00:       in: [
2026-07-30 20:06:44 +08:00:         "ACTIVE",
2026-07-30 20:06:44 +08:00:         "PENDING"
2026-07-30 20:06:44 +08:00:       ]
2026-07-30 20:06:44 +08:00:       ~~~~~~~~~~~
2026-07-30 20:06:44 +08:00:     }
2026-07-30 20:06:44 +08:00:   },
2026-07-30 20:06:44 +08:00:   select: {
2026-07-30 20:06:44 +08:00:     id: true,
2026-07-30 20:06:44 +08:00:     updatedAt: true,
2026-07-30 20:06:44 +08:00:     title: true
2026-07-30 20:06:44 +08:00:   },
2026-07-30 20:06:44 +08:00:   take: 2000
2026-07-30 20:06:44 +08:00: }
2026-07-30 20:06:44 +08:00: 
2026-07-30 20:06:44 +08:00: Invalid value for argument `in`. Expected AuctionStatus.
2026-08-03 18:53:50 +08:00: 
2026-08-03 18:53:50 +08:00: > chinahuib2b@0.1.0 start
2026-08-03 18:53:50 +08:00: > next start
2026-08-03 18:53:50 +08:00: 
2026-08-03 18:53:51 +08:00:    ▲ Next.js 15.5.18
2026-08-03 18:53:51 +08:00:    - Local:        http://localhost:3000
2026-08-03 18:53:51 +08:00: 
2026-08-03 18:53:51 +08:00:  ✓ Starting...
2026-08-03 18:53:53 +08:00: 
2026-08-03 18:53:53 +08:00: > chinahuib2b@0.1.0 start
2026-08-03 18:53:53 +08:00: > next start
2026-08-03 18:53:53 +08:00: 
2026-08-03 18:53:54 +08:00:    ▲ Next.js 15.5.18
2026-08-03 18:53:54 +08:00:    - Local:        http://localhost:3000
2026-08-03 18:53:54 +08:00:    - Network:      http://192.168.2.4:3000
2026-08-03 18:53:54 +08:00: 
2026-08-03 18:53:54 +08:00:  ✓ Starting...
2026-08-03 18:53:56 +08:00: 
2026-08-03 18:53:56 +08:00: > chinahuib2b@0.1.0 start
2026-08-03 18:53:56 +08:00: > next start
2026-08-03 18:53:56 +08:00: 
2026-08-03 18:53:56 +08:00:    ▲ Next.js 15.5.18
2026-08-03 18:53:56 +08:00:    - Local:        http://localhost:3000
2026-08-03 18:53:56 +08:00:    - Network:      http://192.168.2.4:3000
2026-08-03 18:53:56 +08:00: 
2026-08-03 18:53:56 +08:00:  ✓ Starting...
2026-08-03 18:53:59 +08:00: 
2026-08-03 18:53:59 +08:00: > chinahuib2b@0.1.0 start
2026-08-03 18:53:59 +08:00: > next start
2026-08-03 18:53:59 +08:00: 
2026-08-03 18:53:59 +08:00:    ▲ Next.js 15.5.18
2026-08-03 18:53:59 +08:00:    - Local:        http://localhost:3000
2026-08-03 18:53:59 +08:00:    - Network:      http://192.168.2.4:3000
2026-08-03 18:53:59 +08:00: 
2026-08-03 18:53:59 +08:00:  ✓ Starting...
2026-08-03 18:54:03 +08:00: 
2026-08-03 18:54:03 +08:00: > chinahuib2b@0.1.0 start
2026-08-03 18:54:03 +08:00: > next start
2026-08-03 18:54:03 +08:00: 
2026-08-03 18:54:03 +08:00:    ▲ Next.js 15.5.18
2026-08-03 18:54:03 +08:00:    - Local:        http://localhost:3000
2026-08-03 18:54:03 +08:00:    - Network:      http://192.168.2.4:3000
2026-08-03 18:54:03 +08:00: 
2026-08-03 18:54:03 +08:00:  ✓ Starting...
2026-08-03 18:54:09 +08:00: 
2026-08-03 18:54:09 +08:00: > chinahuib2b@0.1.0 start
2026-08-03 18:54:09 +08:00: > next start
2026-08-03 18:54:09 +08:00: 
2026-08-03 18:54:09 +08:00:    ▲ Next.js 15.5.18
2026-08-03 18:54:09 +08:00:    - Local:        http://localhost:3000
2026-08-03 18:54:09 +08:00:    - Network:      http://192.168.2.4:3000
2026-08-03 18:54:09 +08:00: 
2026-08-03 18:54:09 +08:00:  ✓ Starting...
2026-08-03 18:54:17 +08:00: 
2026-08-03 18:54:17 +08:00: > chinahuib2b@0.1.0 start
2026-08-03 18:54:17 +08:00: > next start
2026-08-03 18:54:17 +08:00: 
2026-08-03 18:54:17 +08:00:    ▲ Next.js 15.5.18
2026-08-03 18:54:17 +08:00:    - Local:        http://localhost:3000
2026-08-03 18:54:17 +08:00:    - Network:      http://192.168.2.4:3000
2026-08-03 18:54:17 +08:00: 
2026-08-03 18:54:17 +08:00:  ✓ Starting...
2026-08-03 18:54:29 +08:00: 
2026-08-03 18:54:29 +08:00: > chinahuib2b@0.1.0 start
2026-08-03 18:54:29 +08:00: > next start
2026-08-03 18:54:29 +08:00: 
2026-08-03 18:54:29 +08:00:    ▲ Next.js 15.5.18
2026-08-03 18:54:29 +08:00:    - Local:        http://localhost:3000
2026-08-03 18:54:29 +08:00:    - Network:      http://192.168.2.4:3000
2026-08-03 18:54:29 +08:00: 
2026-08-03 18:54:29 +08:00:  ✓ Starting...
2026-08-03 18:54:45 +08:00: 
2026-08-03 18:54:45 +08:00: > chinahuib2b@0.1.0 start
2026-08-03 18:54:45 +08:00: > next start
2026-08-03 18:54:45 +08:00: 
2026-08-03 18:54:45 +08:00:    ▲ Next.js 15.5.18
2026-08-03 18:54:45 +08:00:    - Local:        http://localhost:3000
2026-08-03 18:54:45 +08:00:    - Network:      http://192.168.2.4:3000
2026-08-03 18:54:45 +08:00: 
2026-08-03 18:54:45 +08:00:  ✓ Starting...
2026-08-03 18:55:01 +08:00: 
2026-08-03 18:55:01 +08:00: > chinahuib2b@0.1.0 start
2026-08-03 18:55:01 +08:00: > next start
2026-08-03 18:55:01 +08:00: 
2026-08-03 18:55:01 +08:00:    ▲ Next.js 15.5.18
2026-08-03 18:55:01 +08:00:    - Local:        http://localhost:3000
2026-08-03 18:55:01 +08:00:    - Network:      http://192.168.2.4:3000
2026-08-03 18:55:01 +08:00: 
2026-08-03 18:55:01 +08:00:  ✓ Starting...
2026-08-03 18:55:17 +08:00: 
2026-08-03 18:55:17 +08:00: > chinahuib2b@0.1.0 start
2026-08-03 18:55:17 +08:00: > next start
2026-08-03 18:55:17 +08:00: 
2026-08-03 18:55:17 +08:00:    ▲ Next.js 15.5.18
2026-08-03 18:55:17 +08:00:    - Local:        http://localhost:3000
2026-08-03 18:55:17 +08:00:    - Network:      http://192.168.2.4:3000
2026-08-03 18:55:17 +08:00: 
2026-08-03 18:55:17 +08:00:  ✓ Starting...
2026-08-03 18:55:32 +08:00: 
2026-08-03 18:55:32 +08:00: > chinahuib2b@0.1.0 start
2026-08-03 18:55:32 +08:00: > next start
2026-08-03 18:55:32 +08:00: 
2026-08-03 18:55:33 +08:00:    ▲ Next.js 15.5.18
2026-08-03 18:55:33 +08:00:    - Local:        http://localhost:3000
2026-08-03 18:55:33 +08:00:    - Network:      http://192.168.2.4:3000
2026-08-03 18:55:33 +08:00: 
2026-08-03 18:55:33 +08:00:  ✓ Starting...
2026-08-03 18:55:48 +08:00: 
2026-08-03 18:55:48 +08:00: > chinahuib2b@0.1.0 start
2026-08-03 18:55:48 +08:00: > next start
2026-08-03 18:55:48 +08:00: 
2026-08-03 18:55:48 +08:00:    ▲ Next.js 15.5.18
2026-08-03 18:55:48 +08:00:    - Local:        http://localhost:3000
2026-08-03 18:55:48 +08:00:    - Network:      http://192.168.2.4:3000
2026-08-03 18:55:48 +08:00: 
2026-08-03 18:55:48 +08:00:  ✓ Starting...
2026-08-03 18:56:04 +08:00: 
2026-08-03 18:56:04 +08:00: > chinahuib2b@0.1.0 start
2026-08-03 18:56:04 +08:00: > next start
2026-08-03 18:56:04 +08:00: 
2026-08-03 18:56:04 +08:00:    ▲ Next.js 15.5.18
2026-08-03 18:56:04 +08:00:    - Local:        http://localhost:3000
2026-08-03 18:56:04 +08:00:    - Network:      http://192.168.2.4:3000
2026-08-03 18:56:04 +08:00: 
2026-08-03 18:56:04 +08:00:  ✓ Starting...
2026-08-03 18:57:08 +08:00: 
2026-08-03 18:57:08 +08:00: > chinahuib2b@0.1.0 start
2026-08-03 18:57:08 +08:00: > next start
2026-08-03 18:57:08 +08:00: 
2026-08-03 18:57:08 +08:00:    ▲ Next.js 15.5.18
2026-08-03 18:57:08 +08:00:    - Local:        http://localhost:3000
2026-08-03 18:57:08 +08:00: 
2026-08-03 18:57:08 +08:00:  ✓ Starting...
2026-08-03 18:57:11 +08:00: 
2026-08-03 18:57:11 +08:00: > chinahuib2b@0.1.0 start
2026-08-03 18:57:11 +08:00: > next start
2026-08-03 18:57:11 +08:00: 
2026-08-03 18:57:11 +08:00:    ▲ Next.js 15.5.18
2026-08-03 18:57:11 +08:00:    - Local:        http://localhost:3000
2026-08-03 18:57:11 +08:00:    - Network:      http://192.168.2.4:3000
2026-08-03 18:57:11 +08:00: 
2026-08-03 18:57:11 +08:00:  ✓ Starting...
2026-08-03 18:57:13 +08:00: 
2026-08-03 18:57:13 +08:00: > chinahuib2b@0.1.0 start
2026-08-03 18:57:13 +08:00: > next start
2026-08-03 18:57:13 +08:00: 
2026-08-03 18:57:13 +08:00:    ▲ Next.js 15.5.18
2026-08-03 18:57:13 +08:00:    - Local:        http://localhost:3000
2026-08-03 18:57:13 +08:00:    - Network:      http://192.168.2.4:3000
2026-08-03 18:57:13 +08:00: 
2026-08-03 18:57:13 +08:00:  ✓ Starting...
2026-08-03 18:57:16 +08:00: 
2026-08-03 18:57:16 +08:00: > chinahuib2b@0.1.0 start
2026-08-03 18:57:16 +08:00: > next start
2026-08-03 18:57:16 +08:00: 
2026-08-03 18:57:16 +08:00:    ▲ Next.js 15.5.18
2026-08-03 18:57:16 +08:00:    - Local:        http://localhost:3000
2026-08-03 18:57:16 +08:00:    - Network:      http://192.168.2.4:3000
2026-08-03 18:57:16 +08:00: 
2026-08-03 18:57:16 +08:00:  ✓ Starting...
2026-08-03 18:57:20 +08:00: 
2026-08-03 18:57:20 +08:00: > chinahuib2b@0.1.0 start
2026-08-03 18:57:20 +08:00: > next start
2026-08-03 18:57:20 +08:00: 
2026-08-03 18:57:21 +08:00:    ▲ Next.js 15.5.18
2026-08-03 18:57:21 +08:00:    - Local:        http://localhost:3000
2026-08-03 18:57:21 +08:00:    - Network:      http://192.168.2.4:3000
2026-08-03 18:57:21 +08:00: 
2026-08-03 18:57:21 +08:00:  ✓ Starting...
2026-08-03 18:57:26 +08:00: 
2026-08-03 18:57:26 +08:00: > chinahuib2b@0.1.0 start
2026-08-03 18:57:26 +08:00: > next start
2026-08-03 18:57:26 +08:00: 
2026-08-03 18:57:27 +08:00:    ▲ Next.js 15.5.18
2026-08-03 18:57:27 +08:00:    - Local:        http://localhost:3000
2026-08-03 18:57:27 +08:00:    - Network:      http://192.168.2.4:3000
2026-08-03 18:57:27 +08:00: 
2026-08-03 18:57:27 +08:00:  ✓ Starting...
2026-08-03 18:57:35 +08:00: 
2026-08-03 18:57:35 +08:00: > chinahuib2b@0.1.0 start
2026-08-03 18:57:35 +08:00: > next start
2026-08-03 18:57:35 +08:00: 
2026-08-03 18:57:35 +08:00:    ▲ Next.js 15.5.18
2026-08-03 18:57:35 +08:00:    - Local:        http://localhost:3000
2026-08-03 18:57:35 +08:00:    - Network:      http://192.168.2.4:3000
2026-08-03 18:57:35 +08:00: 
2026-08-03 18:57:35 +08:00:  ✓ Starting...
2026-08-03 18:57:47 +08:00: 
2026-08-03 18:57:47 +08:00: > chinahuib2b@0.1.0 start
2026-08-03 18:57:47 +08:00: > next start
2026-08-03 18:57:47 +08:00: 
2026-08-03 18:57:47 +08:00:    ▲ Next.js 15.5.18
2026-08-03 18:57:47 +08:00:    - Local:        http://localhost:3000
2026-08-03 18:57:47 +08:00:    - Network:      http://192.168.2.4:3000
2026-08-03 18:57:47 +08:00: 
2026-08-03 18:57:47 +08:00:  ✓ Starting...
2026-08-03 18:58:03 +08:00: 
2026-08-03 18:58:03 +08:00: > chinahuib2b@0.1.0 start
2026-08-03 18:58:03 +08:00: > next start
2026-08-03 18:58:03 +08:00: 
2026-08-03 18:58:03 +08:00:    ▲ Next.js 15.5.18
2026-08-03 18:58:03 +08:00:    - Local:        http://localhost:3000
2026-08-03 18:58:03 +08:00:    - Network:      http://192.168.2.4:3000
2026-08-03 18:58:03 +08:00: 
2026-08-03 18:58:03 +08:00:  ✓ Starting...
2026-08-03 18:58:19 +08:00: 
2026-08-03 18:58:19 +08:00: > chinahuib2b@0.1.0 start
2026-08-03 18:58:19 +08:00: > next start
2026-08-03 18:58:19 +08:00: 
2026-08-03 18:58:19 +08:00:    ▲ Next.js 15.5.18
2026-08-03 18:58:19 +08:00:    - Local:        http://localhost:3000
2026-08-03 18:58:19 +08:00:    - Network:      http://192.168.2.4:3000
2026-08-03 18:58:19 +08:00: 
2026-08-03 18:58:19 +08:00:  ✓ Starting...
2026-08-03 18:58:35 +08:00: 
2026-08-03 18:58:35 +08:00: > chinahuib2b@0.1.0 start
2026-08-03 18:58:35 +08:00: > next start
2026-08-03 18:58:35 +08:00: 
2026-08-03 18:58:35 +08:00:    ▲ Next.js 15.5.18
2026-08-03 18:58:35 +08:00:    - Local:        http://localhost:3000
2026-08-03 18:58:35 +08:00:    - Network:      http://192.168.2.4:3000
2026-08-03 18:58:35 +08:00: 
2026-08-03 18:58:35 +08:00:  ✓ Starting...
2026-08-03 18:58:50 +08:00: 
2026-08-03 18:58:50 +08:00: > chinahuib2b@0.1.0 start
2026-08-03 18:58:50 +08:00: > next start
2026-08-03 18:58:50 +08:00: 
2026-08-03 18:58:51 +08:00:    ▲ Next.js 15.5.18
2026-08-03 18:58:51 +08:00:    - Local:        http://localhost:3000
2026-08-03 18:58:51 +08:00:    - Network:      http://192.168.2.4:3000
2026-08-03 18:58:51 +08:00: 
2026-08-03 18:58:51 +08:00:  ✓ Starting...
2026-08-03 18:59:06 +08:00: 
2026-08-03 18:59:06 +08:00: > chinahuib2b@0.1.0 start
2026-08-03 18:59:06 +08:00: > next start
2026-08-03 18:59:06 +08:00: 
2026-08-03 18:59:06 +08:00:    ▲ Next.js 15.5.18
2026-08-03 18:59:06 +08:00:    - Local:        http://localhost:3000
2026-08-03 18:59:06 +08:00:    - Network:      http://192.168.2.4:3000
2026-08-03 18:59:06 +08:00: 
2026-08-03 18:59:06 +08:00:  ✓ Starting...
2026-08-03 18:59:22 +08:00: 
2026-08-03 18:59:22 +08:00: > chinahuib2b@0.1.0 start
2026-08-03 18:59:22 +08:00: > next start
2026-08-03 18:59:22 +08:00: 
2026-08-03 18:59:22 +08:00:    ▲ Next.js 15.5.18
2026-08-03 18:59:22 +08:00:    - Local:        http://localhost:3000
2026-08-03 18:59:22 +08:00:    - Network:      http://192.168.2.4:3000
2026-08-03 18:59:22 +08:00: 
2026-08-03 18:59:22 +08:00:  ✓ Starting...
2026-08-03 18:59:38 +08:00: 
2026-08-03 18:59:38 +08:00: > chinahuib2b@0.1.0 start
2026-08-03 18:59:38 +08:00: > next start
2026-08-03 18:59:38 +08:00: 
2026-08-03 18:59:38 +08:00:    ▲ Next.js 15.5.18
2026-08-03 18:59:38 +08:00:    - Local:        http://localhost:3000
2026-08-03 18:59:38 +08:00:    - Network:      http://192.168.2.4:3000
2026-08-03 18:59:38 +08:00: 
2026-08-03 18:59:38 +08:00:  ✓ Starting...
2026-08-03 18:59:54 +08:00: 
2026-08-03 18:59:54 +08:00: > chinahuib2b@0.1.0 start
2026-08-03 18:59:54 +08:00: > next start
2026-08-03 18:59:54 +08:00: 
2026-08-03 18:59:54 +08:00:    ▲ Next.js 15.5.18
2026-08-03 18:59:54 +08:00:    - Local:        http://localhost:3000
2026-08-03 18:59:54 +08:00:    - Network:      http://192.168.2.4:3000
2026-08-03 18:59:54 +08:00: 
2026-08-03 18:59:54 +08:00:  ✓ Starting...
2026-08-03 19:00:09 +08:00: 
2026-08-03 19:00:09 +08:00: > chinahuib2b@0.1.0 start
2026-08-03 19:00:09 +08:00: > next start
2026-08-03 19:00:09 +08:00: 
2026-08-03 19:00:10 +08:00:    ▲ Next.js 15.5.18
2026-08-03 19:00:10 +08:00:    - Local:        http://localhost:3000
2026-08-03 19:00:10 +08:00:    - Network:      http://192.168.2.4:3000
2026-08-03 19:00:10 +08:00: 
2026-08-03 19:00:10 +08:00:  ✓ Starting...
2026-08-03 19:00:25 +08:00: 
2026-08-03 19:00:25 +08:00: > chinahuib2b@0.1.0 start
2026-08-03 19:00:25 +08:00: > next start
2026-08-03 19:00:25 +08:00: 
2026-08-03 19:00:25 +08:00:    ▲ Next.js 15.5.18
2026-08-03 19:00:25 +08:00:    - Local:        http://localhost:3000
2026-08-03 19:00:25 +08:00:    - Network:      http://192.168.2.4:3000
2026-08-03 19:00:25 +08:00: 
2026-08-03 19:00:25 +08:00:  ✓ Starting...
2026-08-03 19:00:41 +08:00: 
2026-08-03 19:00:41 +08:00: > chinahuib2b@0.1.0 start
2026-08-03 19:00:41 +08:00: > next start
2026-08-03 19:00:41 +08:00: 
2026-08-03 19:00:41 +08:00:    ▲ Next.js 15.5.18
2026-08-03 19:00:41 +08:00:    - Local:        http://localhost:3000
2026-08-03 19:00:41 +08:00:    - Network:      http://192.168.2.4:3000
2026-08-03 19:00:41 +08:00: 
2026-08-03 19:00:41 +08:00:  ✓ Starting...
2026-08-03 19:00:57 +08:00: 
2026-08-03 19:00:57 +08:00: > chinahuib2b@0.1.0 start
2026-08-03 19:00:57 +08:00: > next start
2026-08-03 19:00:57 +08:00: 
2026-08-03 19:00:57 +08:00:    ▲ Next.js 15.5.18
2026-08-03 19:00:57 +08:00:    - Local:        http://localhost:3000
2026-08-03 19:00:57 +08:00:    - Network:      http://192.168.2.4:3000
2026-08-03 19:00:57 +08:00: 
2026-08-03 19:00:57 +08:00:  ✓ Starting...
2026-08-03 19:01:13 +08:00: 
2026-08-03 19:01:13 +08:00: > chinahuib2b@0.1.0 start
2026-08-03 19:01:13 +08:00: > next start
2026-08-03 19:01:13 +08:00: 
2026-08-03 19:01:13 +08:00:    ▲ Next.js 15.5.18
2026-08-03 19:01:13 +08:00:    - Local:        http://localhost:3000
2026-08-03 19:01:13 +08:00:    - Network:      http://192.168.2.4:3000
2026-08-03 19:01:13 +08:00: 
2026-08-03 19:01:13 +08:00:  ✓ Starting...
2026-08-03 19:01:28 +08:00: 
2026-08-03 19:01:28 +08:00: > chinahuib2b@0.1.0 start
2026-08-03 19:01:28 +08:00: > next start
2026-08-03 19:01:28 +08:00: 
2026-08-03 19:01:28 +08:00:    ▲ Next.js 15.5.18
2026-08-03 19:01:28 +08:00:    - Local:        http://localhost:3000
2026-08-03 19:01:28 +08:00:    - Network:      http://192.168.2.4:3000
2026-08-03 19:01:28 +08:00: 
2026-08-03 19:01:28 +08:00:  ✓ Starting...
2026-08-03 19:01:44 +08:00: 
2026-08-03 19:01:44 +08:00: > chinahuib2b@0.1.0 start
2026-08-03 19:01:44 +08:00: > next start
2026-08-03 19:01:44 +08:00: 
2026-08-03 19:01:44 +08:00:    ▲ Next.js 15.5.18
2026-08-03 19:01:44 +08:00:    - Local:        http://localhost:3000
2026-08-03 19:01:44 +08:00:    - Network:      http://192.168.2.4:3000
2026-08-03 19:01:44 +08:00: 
2026-08-03 19:01:44 +08:00:  ✓ Starting...
2026-08-03 19:02:00 +08:00: 
2026-08-03 19:02:00 +08:00: > chinahuib2b@0.1.0 start
2026-08-03 19:02:00 +08:00: > next start
2026-08-03 19:02:00 +08:00: 
2026-08-03 19:02:00 +08:00:    ▲ Next.js 15.5.18
2026-08-03 19:02:00 +08:00:    - Local:        http://localhost:3000
2026-08-03 19:02:00 +08:00:    - Network:      http://192.168.2.4:3000
2026-08-03 19:02:00 +08:00: 
2026-08-03 19:02:00 +08:00:  ✓ Starting...
2026-08-03 19:02:16 +08:00: 
2026-08-03 19:02:16 +08:00: > chinahuib2b@0.1.0 start
2026-08-03 19:02:16 +08:00: > next start
2026-08-03 19:02:16 +08:00: 
2026-08-03 19:02:16 +08:00:    ▲ Next.js 15.5.18
2026-08-03 19:02:16 +08:00:    - Local:        http://localhost:3000
2026-08-03 19:02:16 +08:00:    - Network:      http://192.168.2.4:3000
2026-08-03 19:02:16 +08:00: 
2026-08-03 19:02:16 +08:00:  ✓ Starting...
2026-08-03 19:02:31 +08:00: 
2026-08-03 19:02:31 +08:00: > chinahuib2b@0.1.0 start
2026-08-03 19:02:31 +08:00: > next start
2026-08-03 19:02:31 +08:00: 
2026-08-03 19:02:31 +08:00:    ▲ Next.js 15.5.18
2026-08-03 19:02:31 +08:00:    - Local:        http://localhost:3000
2026-08-03 19:02:31 +08:00:    - Network:      http://192.168.2.4:3000
2026-08-03 19:02:31 +08:00: 
2026-08-03 19:02:31 +08:00:  ✓ Starting...
2026-08-03 19:02:47 +08:00: 
2026-08-03 19:02:47 +08:00: > chinahuib2b@0.1.0 start
2026-08-03 19:02:47 +08:00: > next start
2026-08-03 19:02:47 +08:00: 
2026-08-03 19:02:47 +08:00:    ▲ Next.js 15.5.18
2026-08-03 19:02:47 +08:00:    - Local:        http://localhost:3000
2026-08-03 19:02:47 +08:00:    - Network:      http://192.168.2.4:3000
2026-08-03 19:02:47 +08:00: 
2026-08-03 19:02:47 +08:00:  ✓ Starting...
2026-08-03 19:03:03 +08:00: 
2026-08-03 19:03:03 +08:00: > chinahuib2b@0.1.0 start
2026-08-03 19:03:03 +08:00: > next start
2026-08-03 19:03:03 +08:00: 
2026-08-03 19:03:03 +08:00:    ▲ Next.js 15.5.18
2026-08-03 19:03:03 +08:00:    - Local:        http://localhost:3000
2026-08-03 19:03:03 +08:00:    - Network:      http://192.168.2.4:3000
2026-08-03 19:03:03 +08:00: 
2026-08-03 19:03:03 +08:00:  ✓ Starting...
2026-08-03 19:03:18 +08:00: 
2026-08-03 19:03:18 +08:00: > chinahuib2b@0.1.0 start
2026-08-03 19:03:18 +08:00: > next start
2026-08-03 19:03:18 +08:00: 
2026-08-03 19:03:19 +08:00:    ▲ Next.js 15.5.18
2026-08-03 19:03:19 +08:00:    - Local:        http://localhost:3000
2026-08-03 19:03:19 +08:00:    - Network:      http://192.168.2.4:3000
2026-08-03 19:03:19 +08:00: 
2026-08-03 19:03:19 +08:00:  ✓ Starting...
2026-08-03 19:03:34 +08:00: 
2026-08-03 19:03:34 +08:00: > chinahuib2b@0.1.0 start
2026-08-03 19:03:34 +08:00: > next start
2026-08-03 19:03:34 +08:00: 
2026-08-03 19:03:34 +08:00:    ▲ Next.js 15.5.18
2026-08-03 19:03:34 +08:00:    - Local:        http://localhost:3000
2026-08-03 19:03:34 +08:00:    - Network:      http://192.168.2.4:3000
2026-08-03 19:03:34 +08:00: 
2026-08-03 19:03:34 +08:00:  ✓ Starting...
2026-08-03 19:03:50 +08:00: 
2026-08-03 19:03:50 +08:00: > chinahuib2b@0.1.0 start
2026-08-03 19:03:50 +08:00: > next start
2026-08-03 19:03:50 +08:00: 
2026-08-03 19:03:50 +08:00:    ▲ Next.js 15.5.18
2026-08-03 19:03:50 +08:00:    - Local:        http://localhost:3000
2026-08-03 19:03:50 +08:00:    - Network:      http://192.168.2.4:3000
2026-08-03 19:03:50 +08:00: 
2026-08-03 19:03:50 +08:00:  ✓ Starting...
2026-08-03 19:04:06 +08:00: 
2026-08-03 19:04:06 +08:00: > chinahuib2b@0.1.0 start
2026-08-03 19:04:06 +08:00: > next start
2026-08-03 19:04:06 +08:00: 
2026-08-03 19:04:06 +08:00:    ▲ Next.js 15.5.18
2026-08-03 19:04:06 +08:00:    - Local:        http://localhost:3000
2026-08-03 19:04:06 +08:00:    - Network:      http://192.168.2.4:3000
2026-08-03 19:04:06 +08:00: 
2026-08-03 19:04:06 +08:00:  ✓ Starting...
2026-08-03 19:04:21 +08:00: 
2026-08-03 19:04:21 +08:00: > chinahuib2b@0.1.0 start
2026-08-03 19:04:21 +08:00: > next start
2026-08-03 19:04:21 +08:00: 
2026-08-03 19:04:22 +08:00:    ▲ Next.js 15.5.18
2026-08-03 19:04:22 +08:00:    - Local:        http://localhost:3000
2026-08-03 19:04:22 +08:00:    - Network:      http://192.168.2.4:3000
2026-08-03 19:04:22 +08:00: 
2026-08-03 19:04:22 +08:00:  ✓ Starting...
2026-08-03 19:04:37 +08:00: 
2026-08-03 19:04:37 +08:00: > chinahuib2b@0.1.0 start
2026-08-03 19:04:37 +08:00: > next start
2026-08-03 19:04:37 +08:00: 
2026-08-03 19:04:37 +08:00:    ▲ Next.js 15.5.18
2026-08-03 19:04:37 +08:00:    - Local:        http://localhost:3000
2026-08-03 19:04:37 +08:00:    - Network:      http://192.168.2.4:3000
2026-08-03 19:04:37 +08:00: 
2026-08-03 19:04:37 +08:00:  ✓ Starting...
2026-08-03 19:04:53 +08:00: 
2026-08-03 19:04:53 +08:00: > chinahuib2b@0.1.0 start
2026-08-03 19:04:53 +08:00: > next start
2026-08-03 19:04:53 +08:00: 
2026-08-03 19:04:53 +08:00:    ▲ Next.js 15.5.18
2026-08-03 19:04:53 +08:00:    - Local:        http://localhost:3000
2026-08-03 19:04:53 +08:00:    - Network:      http://192.168.2.4:3000
2026-08-03 19:04:53 +08:00: 
2026-08-03 19:04:53 +08:00:  ✓ Starting...
2026-08-03 19:05:09 +08:00: 
2026-08-03 19:05:09 +08:00: > chinahuib2b@0.1.0 start
2026-08-03 19:05:09 +08:00: > next start
2026-08-03 19:05:09 +08:00: 
2026-08-03 19:05:09 +08:00:    ▲ Next.js 15.5.18
2026-08-03 19:05:09 +08:00:    - Local:        http://localhost:3000
2026-08-03 19:05:09 +08:00:    - Network:      http://192.168.2.4:3000
2026-08-03 19:05:09 +08:00: 
2026-08-03 19:05:09 +08:00:  ✓ Starting...
2026-08-03 19:05:25 +08:00: 
2026-08-03 19:05:25 +08:00: > chinahuib2b@0.1.0 start
2026-08-03 19:05:25 +08:00: > next start
2026-08-03 19:05:25 +08:00: 
2026-08-03 19:05:25 +08:00:    ▲ Next.js 15.5.18
2026-08-03 19:05:25 +08:00:    - Local:        http://localhost:3000
2026-08-03 19:05:25 +08:00:    - Network:      http://192.168.2.4:3000
2026-08-03 19:05:25 +08:00: 
2026-08-03 19:05:25 +08:00:  ✓ Starting...
2026-08-03 19:05:40 +08:00: 
2026-08-03 19:05:40 +08:00: > chinahuib2b@0.1.0 start
2026-08-03 19:05:40 +08:00: > next start
2026-08-03 19:05:40 +08:00: 
2026-08-03 19:05:40 +08:00:    ▲ Next.js 15.5.18
2026-08-03 19:05:40 +08:00:    - Local:        http://localhost:3000
2026-08-03 19:05:40 +08:00:    - Network:      http://192.168.2.4:3000
2026-08-03 19:05:40 +08:00: 
2026-08-03 19:05:40 +08:00:  ✓ Starting...
2026-08-03 19:05:56 +08:00: 
2026-08-03 19:05:56 +08:00: > chinahuib2b@0.1.0 start
2026-08-03 19:05:56 +08:00: > next start
2026-08-03 19:05:56 +08:00: 
2026-08-03 19:05:56 +08:00:    ▲ Next.js 15.5.18
2026-08-03 19:05:56 +08:00:    - Local:        http://localhost:3000
2026-08-03 19:05:56 +08:00:    - Network:      http://192.168.2.4:3000
2026-08-03 19:05:56 +08:00: 
2026-08-03 19:05:56 +08:00:  ✓ Starting...
2026-08-03 19:06:12 +08:00: 
2026-08-03 19:06:12 +08:00: > chinahuib2b@0.1.0 start
2026-08-03 19:06:12 +08:00: > next start
2026-08-03 19:06:12 +08:00: 
2026-08-03 19:06:12 +08:00:    ▲ Next.js 15.5.18
2026-08-03 19:06:12 +08:00:    - Local:        http://localhost:3000
2026-08-03 19:06:12 +08:00:    - Network:      http://192.168.2.4:3000
2026-08-03 19:06:12 +08:00: 
2026-08-03 19:06:12 +08:00:  ✓ Starting...
2026-08-03 19:06:28 +08:00: 
2026-08-03 19:06:28 +08:00: > chinahuib2b@0.1.0 start
2026-08-03 19:06:28 +08:00: > next start
2026-08-03 19:06:28 +08:00: 
2026-08-03 19:06:28 +08:00:    ▲ Next.js 15.5.18
2026-08-03 19:06:28 +08:00:    - Local:        http://localhost:3000
2026-08-03 19:06:28 +08:00:    - Network:      http://192.168.2.4:3000
2026-08-03 19:06:28 +08:00: 
2026-08-03 19:06:28 +08:00:  ✓ Starting...
2026-08-03 19:06:43 +08:00: 
2026-08-03 19:06:43 +08:00: > chinahuib2b@0.1.0 start
2026-08-03 19:06:43 +08:00: > next start
2026-08-03 19:06:43 +08:00: 
2026-08-03 19:06:43 +08:00:    ▲ Next.js 15.5.18
2026-08-03 19:06:43 +08:00:    - Local:        http://localhost:3000
2026-08-03 19:06:43 +08:00:    - Network:      http://192.168.2.4:3000
2026-08-03 19:06:43 +08:00: 
2026-08-03 19:06:43 +08:00:  ✓ Starting...
2026-08-03 19:06:59 +08:00: 
2026-08-03 19:06:59 +08:00: > chinahuib2b@0.1.0 start
2026-08-03 19:06:59 +08:00: > next start
2026-08-03 19:06:59 +08:00: 
2026-08-03 19:06:59 +08:00:    ▲ Next.js 15.5.18
2026-08-03 19:06:59 +08:00:    - Local:        http://localhost:3000
2026-08-03 19:06:59 +08:00:    - Network:      http://192.168.2.4:3000
2026-08-03 19:06:59 +08:00: 
2026-08-03 19:06:59 +08:00:  ✓ Starting...
2026-08-03 19:07:15 +08:00: 
2026-08-03 19:07:15 +08:00: > chinahuib2b@0.1.0 start
2026-08-03 19:07:15 +08:00: > next start
2026-08-03 19:07:15 +08:00: 
2026-08-03 19:07:15 +08:00:    ▲ Next.js 15.5.18
2026-08-03 19:07:15 +08:00:    - Local:        http://localhost:3000
2026-08-03 19:07:15 +08:00:    - Network:      http://192.168.2.4:3000
2026-08-03 19:07:15 +08:00: 
2026-08-03 19:07:15 +08:00:  ✓ Starting...
2026-08-03 19:07:31 +08:00: 
2026-08-03 19:07:31 +08:00: > chinahuib2b@0.1.0 start
2026-08-03 19:07:31 +08:00: > next start
2026-08-03 19:07:31 +08:00: 
2026-08-03 19:07:31 +08:00:    ▲ Next.js 15.5.18
2026-08-03 19:07:31 +08:00:    - Local:        http://localhost:3000
2026-08-03 19:07:31 +08:00:    - Network:      http://192.168.2.4:3000
2026-08-03 19:07:31 +08:00: 
2026-08-03 19:07:31 +08:00:  ✓ Starting...
2026-08-03 19:07:46 +08:00: 
2026-08-03 19:07:46 +08:00: > chinahuib2b@0.1.0 start
2026-08-03 19:07:46 +08:00: > next start
2026-08-03 19:07:46 +08:00: 
2026-08-03 19:07:46 +08:00:    ▲ Next.js 15.5.18
2026-08-03 19:07:46 +08:00:    - Local:        http://localhost:3000
2026-08-03 19:07:46 +08:00:    - Network:      http://192.168.2.4:3000
2026-08-03 19:07:46 +08:00: 
2026-08-03 19:07:46 +08:00:  ✓ Starting...
2026-08-03 19:08:02 +08:00: 
2026-08-03 19:08:02 +08:00: > chinahuib2b@0.1.0 start
2026-08-03 19:08:02 +08:00: > next start
2026-08-03 19:08:02 +08:00: 
2026-08-03 19:08:02 +08:00:    ▲ Next.js 15.5.18
2026-08-03 19:08:02 +08:00:    - Local:        http://localhost:3000
2026-08-03 19:08:02 +08:00:    - Network:      http://192.168.2.4:3000
2026-08-03 19:08:02 +08:00: 
2026-08-03 19:08:02 +08:00:  ✓ Starting...
2026-08-03 19:08:18 +08:00: 
2026-08-03 19:08:18 +08:00: > chinahuib2b@0.1.0 start
2026-08-03 19:08:18 +08:00: > next start
2026-08-03 19:08:18 +08:00: 
2026-08-03 19:08:18 +08:00:    ▲ Next.js 15.5.18
2026-08-03 19:08:18 +08:00:    - Local:        http://localhost:3000
2026-08-03 19:08:18 +08:00:    - Network:      http://192.168.2.4:3000
2026-08-03 19:08:18 +08:00: 
2026-08-03 19:08:18 +08:00:  ✓ Starting...
2026-08-03 19:08:34 +08:00: 
2026-08-03 19:08:34 +08:00: > chinahuib2b@0.1.0 start
2026-08-03 19:08:34 +08:00: > next start
2026-08-03 19:08:34 +08:00: 
2026-08-03 19:08:34 +08:00:    ▲ Next.js 15.5.18
2026-08-03 19:08:34 +08:00:    - Local:        http://localhost:3000
2026-08-03 19:08:34 +08:00:    - Network:      http://192.168.2.4:3000
2026-08-03 19:08:34 +08:00: 
2026-08-03 19:08:34 +08:00:  ✓ Starting...
2026-08-03 19:08:49 +08:00: 
2026-08-03 19:08:49 +08:00: > chinahuib2b@0.1.0 start
2026-08-03 19:08:49 +08:00: > next start
2026-08-03 19:08:49 +08:00: 
2026-08-03 19:08:50 +08:00:    ▲ Next.js 15.5.18
2026-08-03 19:08:50 +08:00:    - Local:        http://localhost:3000
2026-08-03 19:08:50 +08:00:    - Network:      http://192.168.2.4:3000
2026-08-03 19:08:50 +08:00: 
2026-08-03 19:08:50 +08:00:  ✓ Starting...
2026-08-03 19:09:05 +08:00: 
2026-08-03 19:09:05 +08:00: > chinahuib2b@0.1.0 start
2026-08-03 19:09:05 +08:00: > next start
2026-08-03 19:09:05 +08:00: 
2026-08-03 19:09:05 +08:00:    ▲ Next.js 15.5.18
2026-08-03 19:09:05 +08:00:    - Local:        http://localhost:3000
2026-08-03 19:09:05 +08:00:    - Network:      http://192.168.2.4:3000
2026-08-03 19:09:05 +08:00: 
2026-08-03 19:09:05 +08:00:  ✓ Starting...
2026-08-03 19:09:21 +08:00: 
2026-08-03 19:09:21 +08:00: > chinahuib2b@0.1.0 start
2026-08-03 19:09:21 +08:00: > next start
2026-08-03 19:09:21 +08:00: 
2026-08-03 19:09:21 +08:00:    ▲ Next.js 15.5.18
2026-08-03 19:09:21 +08:00:    - Local:        http://localhost:3000
2026-08-03 19:09:21 +08:00:    - Network:      http://192.168.2.4:3000
2026-08-03 19:09:21 +08:00: 
2026-08-03 19:09:21 +08:00:  ✓ Starting...
2026-08-03 19:09:37 +08:00: 
2026-08-03 19:09:37 +08:00: > chinahuib2b@0.1.0 start
2026-08-03 19:09:37 +08:00: > next start
2026-08-03 19:09:37 +08:00: 
2026-08-03 19:09:37 +08:00:    ▲ Next.js 15.5.18
2026-08-03 19:09:37 +08:00:    - Local:        http://localhost:3000
2026-08-03 19:09:37 +08:00:    - Network:      http://192.168.2.4:3000
2026-08-03 19:09:37 +08:00: 
2026-08-03 19:09:37 +08:00:  ✓ Starting...
2026-08-03 19:09:52 +08:00: 
2026-08-03 19:09:52 +08:00: > chinahuib2b@0.1.0 start
2026-08-03 19:09:52 +08:00: > next start
2026-08-03 19:09:52 +08:00: 
2026-08-03 19:09:53 +08:00:    ▲ Next.js 15.5.18
2026-08-03 19:09:53 +08:00:    - Local:        http://localhost:3000
2026-08-03 19:09:53 +08:00:    - Network:      http://192.168.2.4:3000
2026-08-03 19:09:53 +08:00: 
2026-08-03 19:09:53 +08:00:  ✓ Starting...
2026-08-03 19:10:08 +08:00: 
2026-08-03 19:10:08 +08:00: > chinahuib2b@0.1.0 start
2026-08-03 19:10:08 +08:00: > next start
2026-08-03 19:10:08 +08:00: 
2026-08-03 19:10:08 +08:00:    ▲ Next.js 15.5.18
2026-08-03 19:10:08 +08:00:    - Local:        http://localhost:3000
2026-08-03 19:10:08 +08:00:    - Network:      http://192.168.2.4:3000
2026-08-03 19:10:08 +08:00: 
2026-08-03 19:10:08 +08:00:  ✓ Starting...
2026-08-03 19:10:24 +08:00: 
2026-08-03 19:10:24 +08:00: > chinahuib2b@0.1.0 start
2026-08-03 19:10:24 +08:00: > next start
2026-08-03 19:10:24 +08:00: 
2026-08-03 19:10:24 +08:00:    ▲ Next.js 15.5.18
2026-08-03 19:10:24 +08:00:    - Local:        http://localhost:3000
2026-08-03 19:10:24 +08:00:    - Network:      http://192.168.2.4:3000
2026-08-03 19:10:24 +08:00: 
2026-08-03 19:10:24 +08:00:  ✓ Starting...
2026-08-03 19:10:40 +08:00: 
2026-08-03 19:10:40 +08:00: > chinahuib2b@0.1.0 start
2026-08-03 19:10:40 +08:00: > next start
2026-08-03 19:10:40 +08:00: 
2026-08-03 19:10:40 +08:00:    ▲ Next.js 15.5.18
2026-08-03 19:10:40 +08:00:    - Local:        http://localhost:3000
2026-08-03 19:10:40 +08:00:    - Network:      http://192.168.2.4:3000
2026-08-03 19:10:40 +08:00: 
2026-08-03 19:10:40 +08:00:  ✓ Starting...
2026-08-03 19:10:55 +08:00: 
2026-08-03 19:10:55 +08:00: > chinahuib2b@0.1.0 start
2026-08-03 19:10:55 +08:00: > next start
2026-08-03 19:10:55 +08:00: 
2026-08-03 19:10:56 +08:00:    ▲ Next.js 15.5.18
2026-08-03 19:10:56 +08:00:    - Local:        http://localhost:3000
2026-08-03 19:10:56 +08:00:    - Network:      http://192.168.2.4:3000
2026-08-03 19:10:56 +08:00: 
2026-08-03 19:10:56 +08:00:  ✓ Starting...
2026-08-03 19:11:11 +08:00: 
2026-08-03 19:11:11 +08:00: > chinahuib2b@0.1.0 start
2026-08-03 19:11:11 +08:00: > next start
2026-08-03 19:11:11 +08:00: 
2026-08-03 19:11:11 +08:00:    ▲ Next.js 15.5.18
2026-08-03 19:11:11 +08:00:    - Local:        http://localhost:3000
2026-08-03 19:11:11 +08:00:    - Network:      http://192.168.2.4:3000
2026-08-03 19:11:11 +08:00: 
2026-08-03 19:11:11 +08:00:  ✓ Starting...
2026-08-03 19:11:27 +08:00: 
2026-08-03 19:11:27 +08:00: > chinahuib2b@0.1.0 start
2026-08-03 19:11:27 +08:00: > next start
2026-08-03 19:11:27 +08:00: 
2026-08-03 19:11:27 +08:00:    ▲ Next.js 15.5.18
2026-08-03 19:11:27 +08:00:    - Local:        http://localhost:3000
2026-08-03 19:11:27 +08:00:    - Network:      http://192.168.2.4:3000
2026-08-03 19:11:27 +08:00: 
2026-08-03 19:11:27 +08:00:  ✓ Starting...
2026-08-03 19:11:43 +08:00: 
2026-08-03 19:11:43 +08:00: > chinahuib2b@0.1.0 start
2026-08-03 19:11:43 +08:00: > next start
2026-08-03 19:11:43 +08:00: 
2026-08-03 19:11:43 +08:00:    ▲ Next.js 15.5.18
2026-08-03 19:11:43 +08:00:    - Local:        http://localhost:3000
2026-08-03 19:11:43 +08:00:    - Network:      http://192.168.2.4:3000
2026-08-03 19:11:43 +08:00: 
2026-08-03 19:11:43 +08:00:  ✓ Starting...
2026-08-03 19:11:58 +08:00: 
2026-08-03 19:11:58 +08:00: > chinahuib2b@0.1.0 start
2026-08-03 19:11:58 +08:00: > next start
2026-08-03 19:11:58 +08:00: 
2026-08-03 19:11:59 +08:00:    ▲ Next.js 15.5.18
2026-08-03 19:11:59 +08:00:    - Local:        http://localhost:3000
2026-08-03 19:11:59 +08:00:    - Network:      http://192.168.2.4:3000
2026-08-03 19:11:59 +08:00: 
2026-08-03 19:11:59 +08:00:  ✓ Starting...
2026-08-03 19:12:14 +08:00: 
2026-08-03 19:12:14 +08:00: > chinahuib2b@0.1.0 start
2026-08-03 19:12:14 +08:00: > next start
2026-08-03 19:12:14 +08:00: 
2026-08-03 19:12:14 +08:00:    ▲ Next.js 15.5.18
2026-08-03 19:12:14 +08:00:    - Local:        http://localhost:3000
2026-08-03 19:12:14 +08:00:    - Network:      http://192.168.2.4:3000
2026-08-03 19:12:14 +08:00: 
2026-08-03 19:12:14 +08:00:  ✓ Starting...
2026-08-03 19:12:30 +08:00: 
2026-08-03 19:12:30 +08:00: > chinahuib2b@0.1.0 start
2026-08-03 19:12:30 +08:00: > next start
2026-08-03 19:12:30 +08:00: 
2026-08-03 19:12:30 +08:00:    ▲ Next.js 15.5.18
2026-08-03 19:12:30 +08:00:    - Local:        http://localhost:3000
2026-08-03 19:12:30 +08:00:    - Network:      http://192.168.2.4:3000
2026-08-03 19:12:30 +08:00: 
2026-08-03 19:12:30 +08:00:  ✓ Starting...
2026-08-03 19:12:46 +08:00: 
2026-08-03 19:12:46 +08:00: > chinahuib2b@0.1.0 start
2026-08-03 19:12:46 +08:00: > next start
2026-08-03 19:12:46 +08:00: 
2026-08-03 19:12:46 +08:00:    ▲ Next.js 15.5.18
2026-08-03 19:12:46 +08:00:    - Local:        http://localhost:3000
2026-08-03 19:12:46 +08:00:    - Network:      http://192.168.2.4:3000
2026-08-03 19:12:46 +08:00: 
2026-08-03 19:12:46 +08:00:  ✓ Starting...
2026-08-03 19:13:01 +08:00: 
2026-08-03 19:13:01 +08:00: > chinahuib2b@0.1.0 start
2026-08-03 19:13:01 +08:00: > next start
2026-08-03 19:13:01 +08:00: 
2026-08-03 19:13:02 +08:00:    ▲ Next.js 15.5.18
2026-08-03 19:13:02 +08:00:    - Local:        http://localhost:3000
2026-08-03 19:13:02 +08:00:    - Network:      http://192.168.2.4:3000
2026-08-03 19:13:02 +08:00: 
2026-08-03 19:13:02 +08:00:  ✓ Starting...
2026-08-03 19:14:55 +08:00: 
2026-08-03 19:14:55 +08:00: > chinahuib2b@0.1.0 start
2026-08-03 19:14:55 +08:00: > next start
2026-08-03 19:14:55 +08:00: 
2026-08-03 19:14:56 +08:00:    ▲ Next.js 15.5.18
2026-08-03 19:14:56 +08:00:    - Local:        http://localhost:3000
2026-08-03 19:14:56 +08:00: 
2026-08-03 19:14:56 +08:00:  ✓ Starting...
2026-08-03 19:14:58 +08:00: 
2026-08-03 19:14:58 +08:00: > chinahuib2b@0.1.0 start
2026-08-03 19:14:58 +08:00: > next start
2026-08-03 19:14:58 +08:00: 
2026-08-03 19:14:59 +08:00:    ▲ Next.js 15.5.18
2026-08-03 19:14:59 +08:00:    - Local:        http://localhost:3000
2026-08-03 19:14:59 +08:00:    - Network:      http://192.168.2.4:3000
2026-08-03 19:14:59 +08:00: 
2026-08-03 19:14:59 +08:00:  ✓ Starting...
2026-08-03 19:15:01 +08:00: 
2026-08-03 19:15:01 +08:00: > chinahuib2b@0.1.0 start
2026-08-03 19:15:01 +08:00: > next start
2026-08-03 19:15:01 +08:00: 
2026-08-03 19:15:01 +08:00:    ▲ Next.js 15.5.18
2026-08-03 19:15:01 +08:00:    - Local:        http://localhost:3000
2026-08-03 19:15:01 +08:00:    - Network:      http://192.168.2.4:3000
2026-08-03 19:15:01 +08:00: 
2026-08-03 19:15:01 +08:00:  ✓ Starting...
2026-08-03 19:15:04 +08:00: 
2026-08-03 19:15:04 +08:00: > chinahuib2b@0.1.0 start
2026-08-03 19:15:04 +08:00: > next start
2026-08-03 19:15:04 +08:00: 
2026-08-03 19:15:04 +08:00:    ▲ Next.js 15.5.18
2026-08-03 19:15:04 +08:00:    - Local:        http://localhost:3000
2026-08-03 19:15:04 +08:00:    - Network:      http://192.168.2.4:3000
2026-08-03 19:15:04 +08:00: 
2026-08-03 19:15:04 +08:00:  ✓ Starting...
2026-08-03 19:15:08 +08:00: 
2026-08-03 19:15:08 +08:00: > chinahuib2b@0.1.0 start
2026-08-03 19:15:08 +08:00: > next start
2026-08-03 19:15:08 +08:00: 
2026-08-03 19:15:08 +08:00:    ▲ Next.js 15.5.18
2026-08-03 19:15:08 +08:00:    - Local:        http://localhost:3000
2026-08-03 19:15:08 +08:00:    - Network:      http://192.168.2.4:3000
2026-08-03 19:15:08 +08:00: 
2026-08-03 19:15:08 +08:00:  ✓ Starting...
2026-08-03 19:15:14 +08:00: 
2026-08-03 19:15:14 +08:00: > chinahuib2b@0.1.0 start
2026-08-03 19:15:14 +08:00: > next start
2026-08-03 19:15:14 +08:00: 
2026-08-03 19:15:14 +08:00:    ▲ Next.js 15.5.18
2026-08-03 19:15:14 +08:00:    - Local:        http://localhost:3000
2026-08-03 19:15:14 +08:00:    - Network:      http://192.168.2.4:3000
2026-08-03 19:15:14 +08:00: 
2026-08-03 19:15:14 +08:00:  ✓ Starting...
2026-08-03 19:15:22 +08:00: 
2026-08-03 19:15:22 +08:00: > chinahuib2b@0.1.0 start
2026-08-03 19:15:22 +08:00: > next start
2026-08-03 19:15:22 +08:00: 
2026-08-03 19:15:22 +08:00:    ▲ Next.js 15.5.18
2026-08-03 19:15:22 +08:00:    - Local:        http://localhost:3000
2026-08-03 19:15:22 +08:00:    - Network:      http://192.168.2.4:3000
2026-08-03 19:15:22 +08:00: 
2026-08-03 19:15:22 +08:00:  ✓ Starting...
2026-08-03 19:17:57 +08:00: 
2026-08-03 19:17:57 +08:00: > chinahuib2b@0.1.0 start
2026-08-03 19:17:57 +08:00: > next start
2026-08-03 19:17:57 +08:00: 
2026-08-03 19:17:58 +08:00:    ▲ Next.js 15.5.18
2026-08-03 19:17:58 +08:00:    - Local:        http://localhost:3000
2026-08-03 19:17:58 +08:00: 
2026-08-03 19:17:58 +08:00:  ✓ Starting...
2026-08-03 19:18:00 +08:00: 
2026-08-03 19:18:00 +08:00: > chinahuib2b@0.1.0 start
2026-08-03 19:18:00 +08:00: > next start
2026-08-03 19:18:00 +08:00: 
2026-08-03 19:18:00 +08:00:    ▲ Next.js 15.5.18
2026-08-03 19:18:00 +08:00:    - Local:        http://localhost:3000
2026-08-03 19:18:00 +08:00:    - Network:      http://192.168.2.4:3000
2026-08-03 19:18:00 +08:00: 
2026-08-03 19:18:00 +08:00:  ✓ Starting...
2026-08-03 19:18:02 +08:00: 
2026-08-03 19:18:02 +08:00: > chinahuib2b@0.1.0 start
2026-08-03 19:18:02 +08:00: > next start
2026-08-03 19:18:02 +08:00: 
2026-08-03 19:18:03 +08:00:    ▲ Next.js 15.5.18
2026-08-03 19:18:03 +08:00:    - Local:        http://localhost:3000
2026-08-03 19:18:03 +08:00:    - Network:      http://192.168.2.4:3000
2026-08-03 19:18:03 +08:00: 
2026-08-03 19:18:03 +08:00:  ✓ Starting...
2026-08-03 19:18:05 +08:00: 
2026-08-03 19:18:05 +08:00: > chinahuib2b@0.1.0 start
2026-08-03 19:18:05 +08:00: > next start
2026-08-03 19:18:05 +08:00: 
2026-08-03 19:18:06 +08:00:    ▲ Next.js 15.5.18
2026-08-03 19:18:06 +08:00:    - Local:        http://localhost:3000
2026-08-03 19:18:06 +08:00:    - Network:      http://192.168.2.4:3000
2026-08-03 19:18:06 +08:00: 
2026-08-03 19:18:06 +08:00:  ✓ Starting...
2026-08-03 19:18:10 +08:00: 
2026-08-03 19:18:10 +08:00: > chinahuib2b@0.1.0 start
2026-08-03 19:18:10 +08:00: > next start
2026-08-03 19:18:10 +08:00: 
2026-08-03 19:18:10 +08:00:    ▲ Next.js 15.5.18
2026-08-03 19:18:10 +08:00:    - Local:        http://localhost:3000
2026-08-03 19:18:10 +08:00:    - Network:      http://192.168.2.4:3000
2026-08-03 19:18:10 +08:00: 
2026-08-03 19:18:10 +08:00:  ✓ Starting...
2026-08-03 19:18:15 +08:00: 
2026-08-03 19:18:15 +08:00: > chinahuib2b@0.1.0 start
2026-08-03 19:18:15 +08:00: > next start
2026-08-03 19:18:15 +08:00: 
2026-08-03 19:18:16 +08:00:    ▲ Next.js 15.5.18
2026-08-03 19:18:16 +08:00:    - Local:        http://localhost:3000
2026-08-03 19:18:16 +08:00:    - Network:      http://192.168.2.4:3000
2026-08-03 19:18:16 +08:00: 
2026-08-03 19:18:16 +08:00:  ✓ Starting...
2026-08-03 19:18:24 +08:00: 
2026-08-03 19:18:24 +08:00: > chinahuib2b@0.1.0 start
2026-08-03 19:18:24 +08:00: > next start
2026-08-03 19:18:24 +08:00: 
2026-08-03 19:18:24 +08:00:    ▲ Next.js 15.5.18
2026-08-03 19:18:24 +08:00:    - Local:        http://localhost:3000
2026-08-03 19:18:24 +08:00:    - Network:      http://192.168.2.4:3000
2026-08-03 19:18:24 +08:00: 
2026-08-03 19:18:24 +08:00:  ✓ Starting...
2026-08-03 19:18:36 +08:00: 
2026-08-03 19:18:36 +08:00: > chinahuib2b@0.1.0 start
2026-08-03 19:18:36 +08:00: > next start
2026-08-03 19:18:36 +08:00: 
2026-08-03 19:18:36 +08:00:    ▲ Next.js 15.5.18
2026-08-03 19:18:36 +08:00:    - Local:        http://localhost:3000
2026-08-03 19:18:36 +08:00:    - Network:      http://192.168.2.4:3000
2026-08-03 19:18:36 +08:00: 
2026-08-03 19:18:36 +08:00:  ✓ Starting...
2026-08-03 19:18:52 +08:00: 
2026-08-03 19:18:52 +08:00: > chinahuib2b@0.1.0 start
2026-08-03 19:18:52 +08:00: > next start
2026-08-03 19:18:52 +08:00: 
2026-08-03 19:18:52 +08:00:    ▲ Next.js 15.5.18
2026-08-03 19:18:52 +08:00:    - Local:        http://localhost:3000
2026-08-03 19:18:52 +08:00:    - Network:      http://192.168.2.4:3000
2026-08-03 19:18:52 +08:00: 
2026-08-03 19:18:52 +08:00:  ✓ Starting...
2026-08-03 19:19:07 +08:00: 
2026-08-03 19:19:07 +08:00: > chinahuib2b@0.1.0 start
2026-08-03 19:19:07 +08:00: > next start
2026-08-03 19:19:07 +08:00: 
2026-08-03 19:19:08 +08:00:    ▲ Next.js 15.5.18
2026-08-03 19:19:08 +08:00:    - Local:        http://localhost:3000
2026-08-03 19:19:08 +08:00:    - Network:      http://192.168.2.4:3000
2026-08-03 19:19:08 +08:00: 
2026-08-03 19:19:08 +08:00:  ✓ Starting...
2026-08-03 19:19:23 +08:00: 
2026-08-03 19:19:23 +08:00: > chinahuib2b@0.1.0 start
2026-08-03 19:19:23 +08:00: > next start
2026-08-03 19:19:23 +08:00: 
2026-08-03 19:19:23 +08:00:    ▲ Next.js 15.5.18
2026-08-03 19:19:23 +08:00:    - Local:        http://localhost:3000
2026-08-03 19:19:23 +08:00:    - Network:      http://192.168.2.4:3000
2026-08-03 19:19:23 +08:00: 
2026-08-03 19:19:23 +08:00:  ✓ Starting...
2026-08-03 19:19:39 +08:00: 
2026-08-03 19:19:39 +08:00: > chinahuib2b@0.1.0 start
2026-08-03 19:19:39 +08:00: > next start
2026-08-03 19:19:39 +08:00: 
2026-08-03 19:19:39 +08:00:    ▲ Next.js 15.5.18
2026-08-03 19:19:39 +08:00:    - Local:        http://localhost:3000
2026-08-03 19:19:39 +08:00:    - Network:      http://192.168.2.4:3000
2026-08-03 19:19:39 +08:00: 
2026-08-03 19:19:39 +08:00:  ✓ Starting...
2026-08-03 19:19:55 +08:00: 
2026-08-03 19:19:55 +08:00: > chinahuib2b@0.1.0 start
2026-08-03 19:19:55 +08:00: > next start
2026-08-03 19:19:55 +08:00: 
2026-08-03 19:19:55 +08:00:    ▲ Next.js 15.5.18
2026-08-03 19:19:55 +08:00:    - Local:        http://localhost:3000
2026-08-03 19:19:55 +08:00:    - Network:      http://192.168.2.4:3000
2026-08-03 19:19:55 +08:00: 
2026-08-03 19:19:55 +08:00:  ✓ Starting...
2026-08-03 19:20:10 +08:00: 
2026-08-03 19:20:10 +08:00: > chinahuib2b@0.1.0 start
2026-08-03 19:20:10 +08:00: > next start
2026-08-03 19:20:10 +08:00: 
2026-08-03 19:20:11 +08:00:    ▲ Next.js 15.5.18
2026-08-03 19:20:11 +08:00:    - Local:        http://localhost:3000
2026-08-03 19:20:11 +08:00:    - Network:      http://192.168.2.4:3000
2026-08-03 19:20:11 +08:00: 
2026-08-03 19:20:11 +08:00:  ✓ Starting...
2026-08-03 19:20:26 +08:00: 
2026-08-03 19:20:26 +08:00: > chinahuib2b@0.1.0 start
2026-08-03 19:20:26 +08:00: > next start
2026-08-03 19:20:26 +08:00: 
2026-08-03 19:20:26 +08:00:    ▲ Next.js 15.5.18
2026-08-03 19:20:26 +08:00:    - Local:        http://localhost:3000
2026-08-03 19:20:26 +08:00:    - Network:      http://192.168.2.4:3000
2026-08-03 19:20:26 +08:00: 
2026-08-03 19:20:26 +08:00:  ✓ Starting...
2026-08-03 19:20:42 +08:00: 
2026-08-03 19:20:42 +08:00: > chinahuib2b@0.1.0 start
2026-08-03 19:20:42 +08:00: > next start
2026-08-03 19:20:42 +08:00: 
2026-08-03 19:20:42 +08:00:    ▲ Next.js 15.5.18
2026-08-03 19:20:42 +08:00:    - Local:        http://localhost:3000
2026-08-03 19:20:42 +08:00:    - Network:      http://192.168.2.4:3000
2026-08-03 19:20:42 +08:00: 
2026-08-03 19:20:42 +08:00:  ✓ Starting...
2026-08-03 19:20:58 +08:00: 
2026-08-03 19:20:58 +08:00: > chinahuib2b@0.1.0 start
2026-08-03 19:20:58 +08:00: > next start
2026-08-03 19:20:58 +08:00: 
2026-08-03 19:20:58 +08:00:    ▲ Next.js 15.5.18
2026-08-03 19:20:58 +08:00:    - Local:        http://localhost:3000
2026-08-03 19:20:58 +08:00:    - Network:      http://192.168.2.4:3000
2026-08-03 19:20:58 +08:00: 
2026-08-03 19:20:58 +08:00:  ✓ Starting...
2026-08-03 19:21:13 +08:00: 
2026-08-03 19:21:13 +08:00: > chinahuib2b@0.1.0 start
2026-08-03 19:21:13 +08:00: > next start
2026-08-03 19:21:13 +08:00: 
2026-08-03 19:21:14 +08:00:    ▲ Next.js 15.5.18
2026-08-03 19:21:14 +08:00:    - Local:        http://localhost:3000
2026-08-03 19:21:14 +08:00:    - Network:      http://192.168.2.4:3000
2026-08-03 19:21:14 +08:00: 
2026-08-03 19:21:14 +08:00:  ✓ Starting...
2026-08-03 19:21:29 +08:00: 
2026-08-03 19:21:29 +08:00: > chinahuib2b@0.1.0 start
2026-08-03 19:21:29 +08:00: > next start
2026-08-03 19:21:29 +08:00: 
2026-08-03 19:21:29 +08:00:    ▲ Next.js 15.5.18
2026-08-03 19:21:29 +08:00:    - Local:        http://localhost:3000
2026-08-03 19:21:29 +08:00:    - Network:      http://192.168.2.4:3000
2026-08-03 19:21:29 +08:00: 
2026-08-03 19:21:29 +08:00:  ✓ Starting...
2026-08-03 19:21:45 +08:00: 
2026-08-03 19:21:45 +08:00: > chinahuib2b@0.1.0 start
2026-08-03 19:21:45 +08:00: > next start
2026-08-03 19:21:45 +08:00: 
2026-08-03 19:21:45 +08:00:    ▲ Next.js 15.5.18
2026-08-03 19:21:45 +08:00:    - Local:        http://localhost:3000
2026-08-03 19:21:45 +08:00:    - Network:      http://192.168.2.4:3000
2026-08-03 19:21:45 +08:00: 
2026-08-03 19:21:45 +08:00:  ✓ Starting...
2026-08-03 19:22:01 +08:00: 
2026-08-03 19:22:01 +08:00: > chinahuib2b@0.1.0 start
2026-08-03 19:22:01 +08:00: > next start
2026-08-03 19:22:01 +08:00: 
2026-08-03 19:22:01 +08:00:    ▲ Next.js 15.5.18
2026-08-03 19:22:01 +08:00:    - Local:        http://localhost:3000
2026-08-03 19:22:01 +08:00:    - Network:      http://192.168.2.4:3000
2026-08-03 19:22:01 +08:00: 
2026-08-03 19:22:01 +08:00:  ✓ Starting...
2026-08-03 19:22:16 +08:00: 
2026-08-03 19:22:16 +08:00: > chinahuib2b@0.1.0 start
2026-08-03 19:22:16 +08:00: > next start
2026-08-03 19:22:16 +08:00: 
2026-08-03 19:22:17 +08:00:    ▲ Next.js 15.5.18
2026-08-03 19:22:17 +08:00:    - Local:        http://localhost:3000
2026-08-03 19:22:17 +08:00:    - Network:      http://192.168.2.4:3000
2026-08-03 19:22:17 +08:00: 
2026-08-03 19:22:17 +08:00:  ✓ Starting...
2026-08-03 19:22:32 +08:00: 
2026-08-03 19:22:32 +08:00: > chinahuib2b@0.1.0 start
2026-08-03 19:22:32 +08:00: > next start
2026-08-03 19:22:32 +08:00: 
2026-08-03 19:22:32 +08:00:    ▲ Next.js 15.5.18
2026-08-03 19:22:32 +08:00:    - Local:        http://localhost:3000
2026-08-03 19:22:32 +08:00:    - Network:      http://192.168.2.4:3000
2026-08-03 19:22:32 +08:00: 
2026-08-03 19:22:32 +08:00:  ✓ Starting...
2026-08-03 19:22:48 +08:00: 
2026-08-03 19:22:48 +08:00: > chinahuib2b@0.1.0 start
2026-08-03 19:22:48 +08:00: > next start
2026-08-03 19:22:48 +08:00: 
2026-08-03 19:22:48 +08:00:    ▲ Next.js 15.5.18
2026-08-03 19:22:48 +08:00:    - Local:        http://localhost:3000
2026-08-03 19:22:48 +08:00:    - Network:      http://192.168.2.4:3000
2026-08-03 19:22:48 +08:00: 
2026-08-03 19:22:48 +08:00:  ✓ Starting...
2026-08-03 19:23:04 +08:00: 
2026-08-03 19:23:04 +08:00: > chinahuib2b@0.1.0 start
2026-08-03 19:23:04 +08:00: > next start
2026-08-03 19:23:04 +08:00: 
2026-08-03 19:23:04 +08:00:    ▲ Next.js 15.5.18
2026-08-03 19:23:04 +08:00:    - Local:        http://localhost:3000
2026-08-03 19:23:04 +08:00:    - Network:      http://192.168.2.4:3000
2026-08-03 19:23:04 +08:00: 
2026-08-03 19:23:04 +08:00:  ✓ Starting...
2026-08-03 19:23:19 +08:00: 
2026-08-03 19:23:19 +08:00: > chinahuib2b@0.1.0 start
2026-08-03 19:23:19 +08:00: > next start
2026-08-03 19:23:19 +08:00: 
2026-08-03 19:23:20 +08:00:    ▲ Next.js 15.5.18
2026-08-03 19:23:20 +08:00:    - Local:        http://localhost:3000
2026-08-03 19:23:20 +08:00:    - Network:      http://192.168.2.4:3000
2026-08-03 19:23:20 +08:00: 
2026-08-03 19:23:20 +08:00:  ✓ Starting...
2026-08-03 19:23:35 +08:00: 
2026-08-03 19:23:35 +08:00: > chinahuib2b@0.1.0 start
2026-08-03 19:23:35 +08:00: > next start
2026-08-03 19:23:35 +08:00: 
2026-08-03 19:23:35 +08:00:    ▲ Next.js 15.5.18
2026-08-03 19:23:35 +08:00:    - Local:        http://localhost:3000
2026-08-03 19:23:35 +08:00:    - Network:      http://192.168.2.4:3000
2026-08-03 19:23:35 +08:00: 
2026-08-03 19:23:35 +08:00:  ✓ Starting...
2026-08-03 19:23:51 +08:00: 
2026-08-03 19:23:51 +08:00: > chinahuib2b@0.1.0 start
2026-08-03 19:23:51 +08:00: > next start
2026-08-03 19:23:51 +08:00: 
2026-08-03 19:23:51 +08:00:    ▲ Next.js 15.5.18
2026-08-03 19:23:51 +08:00:    - Local:        http://localhost:3000
2026-08-03 19:23:51 +08:00:    - Network:      http://192.168.2.4:3000
2026-08-03 19:23:51 +08:00: 
2026-08-03 19:23:51 +08:00:  ✓ Starting...
2026-08-03 19:24:07 +08:00: 
2026-08-03 19:24:07 +08:00: > chinahuib2b@0.1.0 start
2026-08-03 19:24:07 +08:00: > next start
2026-08-03 19:24:07 +08:00: 
2026-08-03 19:24:07 +08:00:    ▲ Next.js 15.5.18
2026-08-03 19:24:07 +08:00:    - Local:        http://localhost:3000
2026-08-03 19:24:07 +08:00:    - Network:      http://192.168.2.4:3000
2026-08-03 19:24:07 +08:00: 
2026-08-03 19:24:07 +08:00:  ✓ Starting...
2026-08-03 19:24:22 +08:00: 
2026-08-03 19:24:22 +08:00: > chinahuib2b@0.1.0 start
2026-08-03 19:24:22 +08:00: > next start
2026-08-03 19:24:22 +08:00: 
2026-08-03 19:24:23 +08:00:    ▲ Next.js 15.5.18
2026-08-03 19:24:23 +08:00:    - Local:        http://localhost:3000
2026-08-03 19:24:23 +08:00:    - Network:      http://192.168.2.4:3000
2026-08-03 19:24:23 +08:00: 
2026-08-03 19:24:23 +08:00:  ✓ Starting...
2026-08-03 19:24:38 +08:00: 
2026-08-03 19:24:38 +08:00: > chinahuib2b@0.1.0 start
2026-08-03 19:24:38 +08:00: > next start
2026-08-03 19:24:38 +08:00: 
2026-08-03 19:24:38 +08:00:    ▲ Next.js 15.5.18
2026-08-03 19:24:38 +08:00:    - Local:        http://localhost:3000
2026-08-03 19:24:38 +08:00:    - Network:      http://192.168.2.4:3000
2026-08-03 19:24:38 +08:00: 
2026-08-03 19:24:38 +08:00:  ✓ Starting...
2026-08-03 19:24:54 +08:00: 
2026-08-03 19:24:54 +08:00: > chinahuib2b@0.1.0 start
2026-08-03 19:24:54 +08:00: > next start
2026-08-03 19:24:54 +08:00: 
2026-08-03 19:24:54 +08:00:    ▲ Next.js 15.5.18
2026-08-03 19:24:54 +08:00:    - Local:        http://localhost:3000
2026-08-03 19:24:54 +08:00:    - Network:      http://192.168.2.4:3000
2026-08-03 19:24:54 +08:00: 
2026-08-03 19:24:54 +08:00:  ✓ Starting...
2026-08-03 19:25:10 +08:00: 
2026-08-03 19:25:10 +08:00: > chinahuib2b@0.1.0 start
2026-08-03 19:25:10 +08:00: > next start
2026-08-03 19:25:10 +08:00: 
2026-08-03 19:25:10 +08:00:    ▲ Next.js 15.5.18
2026-08-03 19:25:10 +08:00:    - Local:        http://localhost:3000
2026-08-03 19:25:10 +08:00:    - Network:      http://192.168.2.4:3000
2026-08-03 19:25:10 +08:00: 
2026-08-03 19:25:10 +08:00:  ✓ Starting...
2026-08-03 19:25:26 +08:00: 
2026-08-03 19:25:26 +08:00: > chinahuib2b@0.1.0 start
2026-08-03 19:25:26 +08:00: > next start
2026-08-03 19:25:26 +08:00: 
2026-08-03 19:25:26 +08:00:    ▲ Next.js 15.5.18
2026-08-03 19:25:26 +08:00:    - Local:        http://localhost:3000
2026-08-03 19:25:26 +08:00:    - Network:      http://192.168.2.4:3000
2026-08-03 19:25:26 +08:00: 
2026-08-03 19:25:26 +08:00:  ✓ Starting...
2026-08-03 19:25:41 +08:00: 
2026-08-03 19:25:41 +08:00: > chinahuib2b@0.1.0 start
2026-08-03 19:25:41 +08:00: > next start
2026-08-03 19:25:41 +08:00: 
2026-08-03 19:25:42 +08:00:    ▲ Next.js 15.5.18
2026-08-03 19:25:42 +08:00:    - Local:        http://localhost:3000
2026-08-03 19:25:42 +08:00:    - Network:      http://192.168.2.4:3000
2026-08-03 19:25:42 +08:00: 
2026-08-03 19:25:42 +08:00:  ✓ Starting...
2026-08-03 19:25:57 +08:00: 
2026-08-03 19:25:57 +08:00: > chinahuib2b@0.1.0 start
2026-08-03 19:25:57 +08:00: > next start
2026-08-03 19:25:57 +08:00: 
2026-08-03 19:25:57 +08:00:    ▲ Next.js 15.5.18
2026-08-03 19:25:57 +08:00:    - Local:        http://localhost:3000
2026-08-03 19:25:57 +08:00:    - Network:      http://192.168.2.4:3000
2026-08-03 19:25:57 +08:00: 
2026-08-03 19:25:57 +08:00:  ✓ Starting...
2026-08-03 19:26:13 +08:00: 
2026-08-03 19:26:13 +08:00: > chinahuib2b@0.1.0 start
2026-08-03 19:26:13 +08:00: > next start
2026-08-03 19:26:13 +08:00: 
2026-08-03 19:26:13 +08:00:    ▲ Next.js 15.5.18
2026-08-03 19:26:13 +08:00:    - Local:        http://localhost:3000
2026-08-03 19:26:13 +08:00:    - Network:      http://192.168.2.4:3000
2026-08-03 19:26:13 +08:00: 
2026-08-03 19:26:13 +08:00:  ✓ Starting...
2026-08-03 19:26:29 +08:00: 
2026-08-03 19:26:29 +08:00: > chinahuib2b@0.1.0 start
2026-08-03 19:26:29 +08:00: > next start
2026-08-03 19:26:29 +08:00: 
2026-08-03 19:26:29 +08:00:    ▲ Next.js 15.5.18
2026-08-03 19:26:29 +08:00:    - Local:        http://localhost:3000
2026-08-03 19:26:29 +08:00:    - Network:      http://192.168.2.4:3000
2026-08-03 19:26:29 +08:00: 
2026-08-03 19:26:29 +08:00:  ✓ Starting...
2026-08-03 19:26:44 +08:00: 
2026-08-03 19:26:44 +08:00: > chinahuib2b@0.1.0 start
2026-08-03 19:26:44 +08:00: > next start
2026-08-03 19:26:44 +08:00: 
2026-08-03 19:26:44 +08:00:    ▲ Next.js 15.5.18
2026-08-03 19:26:44 +08:00:    - Local:        http://localhost:3000
2026-08-03 19:26:44 +08:00:    - Network:      http://192.168.2.4:3000
2026-08-03 19:26:44 +08:00: 
2026-08-03 19:26:44 +08:00:  ✓ Starting...
2026-08-03 19:27:00 +08:00: 
2026-08-03 19:27:00 +08:00: > chinahuib2b@0.1.0 start
2026-08-03 19:27:00 +08:00: > next start
2026-08-03 19:27:00 +08:00: 
2026-08-03 19:27:00 +08:00:    ▲ Next.js 15.5.18
2026-08-03 19:27:00 +08:00:    - Local:        http://localhost:3000
2026-08-03 19:27:00 +08:00:    - Network:      http://192.168.2.4:3000
2026-08-03 19:27:00 +08:00: 
2026-08-03 19:27:00 +08:00:  ✓ Starting...
2026-08-03 19:27:16 +08:00: 
2026-08-03 19:27:16 +08:00: > chinahuib2b@0.1.0 start
2026-08-03 19:27:16 +08:00: > next start
2026-08-03 19:27:16 +08:00: 
2026-08-03 19:27:16 +08:00:    ▲ Next.js 15.5.18
2026-08-03 19:27:16 +08:00:    - Local:        http://localhost:3000
2026-08-03 19:27:16 +08:00:    - Network:      http://192.168.2.4:3000
2026-08-03 19:27:16 +08:00: 
2026-08-03 19:27:16 +08:00:  ✓ Starting...
2026-08-03 19:27:32 +08:00: 
2026-08-03 19:27:32 +08:00: > chinahuib2b@0.1.0 start
2026-08-03 19:27:32 +08:00: > next start
2026-08-03 19:27:32 +08:00: 
2026-08-03 19:27:32 +08:00:    ▲ Next.js 15.5.18
2026-08-03 19:27:32 +08:00:    - Local:        http://localhost:3000
2026-08-03 19:27:32 +08:00:    - Network:      http://192.168.2.4:3000
2026-08-03 19:27:32 +08:00: 
2026-08-03 19:27:32 +08:00:  ✓ Starting...
2026-08-03 19:27:47 +08:00: 
2026-08-03 19:27:47 +08:00: > chinahuib2b@0.1.0 start
2026-08-03 19:27:47 +08:00: > next start
2026-08-03 19:27:47 +08:00: 
2026-08-03 19:27:48 +08:00:    ▲ Next.js 15.5.18
2026-08-03 19:27:48 +08:00:    - Local:        http://localhost:3000
2026-08-03 19:27:48 +08:00:    - Network:      http://192.168.2.4:3000
2026-08-03 19:27:48 +08:00: 
2026-08-03 19:27:48 +08:00:  ✓ Starting...
2026-08-03 19:28:03 +08:00: 
2026-08-03 19:28:03 +08:00: > chinahuib2b@0.1.0 start
2026-08-03 19:28:03 +08:00: > next start
2026-08-03 19:28:03 +08:00: 
2026-08-03 19:28:03 +08:00:    ▲ Next.js 15.5.18
2026-08-03 19:28:03 +08:00:    - Local:        http://localhost:3000
2026-08-03 19:28:03 +08:00:    - Network:      http://192.168.2.4:3000
2026-08-03 19:28:03 +08:00: 
2026-08-03 19:28:03 +08:00:  ✓ Starting...
2026-08-03 19:28:19 +08:00: 
2026-08-03 19:28:19 +08:00: > chinahuib2b@0.1.0 start
2026-08-03 19:28:19 +08:00: > next start
2026-08-03 19:28:19 +08:00: 
2026-08-03 19:28:19 +08:00:    ▲ Next.js 15.5.18
2026-08-03 19:28:19 +08:00:    - Local:        http://localhost:3000
2026-08-03 19:28:19 +08:00:    - Network:      http://192.168.2.4:3000
2026-08-03 19:28:19 +08:00: 
2026-08-03 19:28:19 +08:00:  ✓ Starting...
2026-08-03 19:28:35 +08:00: 
2026-08-03 19:28:35 +08:00: > chinahuib2b@0.1.0 start
2026-08-03 19:28:35 +08:00: > next start
2026-08-03 19:28:35 +08:00: 
2026-08-03 19:28:35 +08:00:    ▲ Next.js 15.5.18
2026-08-03 19:28:35 +08:00:    - Local:        http://localhost:3000
2026-08-03 19:28:35 +08:00:    - Network:      http://192.168.2.4:3000
2026-08-03 19:28:35 +08:00: 
2026-08-03 19:28:35 +08:00:  ✓ Starting...
2026-08-03 19:28:50 +08:00: 
2026-08-03 19:28:50 +08:00: > chinahuib2b@0.1.0 start
2026-08-03 19:28:50 +08:00: > next start
2026-08-03 19:28:50 +08:00: 
2026-08-03 19:28:51 +08:00:    ▲ Next.js 15.5.18
2026-08-03 19:28:51 +08:00:    - Local:        http://localhost:3000
2026-08-03 19:28:51 +08:00:    - Network:      http://192.168.2.4:3000
2026-08-03 19:28:51 +08:00: 
2026-08-03 19:28:51 +08:00:  ✓ Starting...
2026-08-03 19:29:06 +08:00: 
2026-08-03 19:29:06 +08:00: > chinahuib2b@0.1.0 start
2026-08-03 19:29:06 +08:00: > next start
2026-08-03 19:29:06 +08:00: 
2026-08-03 19:29:06 +08:00:    ▲ Next.js 15.5.18
2026-08-03 19:29:06 +08:00:    - Local:        http://localhost:3000
2026-08-03 19:29:06 +08:00:    - Network:      http://192.168.2.4:3000
2026-08-03 19:29:06 +08:00: 
2026-08-03 19:29:06 +08:00:  ✓ Starting...
2026-08-03 19:29:22 +08:00: 
2026-08-03 19:29:22 +08:00: > chinahuib2b@0.1.0 start
2026-08-03 19:29:22 +08:00: > next start
2026-08-03 19:29:22 +08:00: 
2026-08-03 19:29:22 +08:00:    ▲ Next.js 15.5.18
2026-08-03 19:29:22 +08:00:    - Local:        http://localhost:3000
2026-08-03 19:29:22 +08:00:    - Network:      http://192.168.2.4:3000
2026-08-03 19:29:22 +08:00: 
2026-08-03 19:29:22 +08:00:  ✓ Starting...
2026-08-03 19:29:38 +08:00: 
2026-08-03 19:29:38 +08:00: > chinahuib2b@0.1.0 start
2026-08-03 19:29:38 +08:00: > next start
2026-08-03 19:29:38 +08:00: 
2026-08-03 19:29:38 +08:00:    ▲ Next.js 15.5.18
2026-08-03 19:29:38 +08:00:    - Local:        http://localhost:3000
2026-08-03 19:29:38 +08:00:    - Network:      http://192.168.2.4:3000
2026-08-03 19:29:38 +08:00: 
2026-08-03 19:29:38 +08:00:  ✓ Starting...
2026-08-03 19:29:54 +08:00: 
2026-08-03 19:29:54 +08:00: > chinahuib2b@0.1.0 start
2026-08-03 19:29:54 +08:00: > next start
2026-08-03 19:29:54 +08:00: 
2026-08-03 19:29:54 +08:00:    ▲ Next.js 15.5.18
2026-08-03 19:29:54 +08:00:    - Local:        http://localhost:3000
2026-08-03 19:29:54 +08:00:    - Network:      http://192.168.2.4:3000
2026-08-03 19:29:54 +08:00: 
2026-08-03 19:29:54 +08:00:  ✓ Starting...
2026-08-03 19:30:09 +08:00: 
2026-08-03 19:30:09 +08:00: > chinahuib2b@0.1.0 start
2026-08-03 19:30:09 +08:00: > next start
2026-08-03 19:30:09 +08:00: 
2026-08-03 19:30:10 +08:00:    ▲ Next.js 15.5.18
2026-08-03 19:30:10 +08:00:    - Local:        http://localhost:3000
2026-08-03 19:30:10 +08:00:    - Network:      http://192.168.2.4:3000
2026-08-03 19:30:10 +08:00: 
2026-08-03 19:30:10 +08:00:  ✓ Starting...
2026-08-03 19:30:25 +08:00: 
2026-08-03 19:30:25 +08:00: > chinahuib2b@0.1.0 start
2026-08-03 19:30:25 +08:00: > next start
2026-08-03 19:30:25 +08:00: 
2026-08-03 19:30:25 +08:00:    ▲ Next.js 15.5.18
2026-08-03 19:30:25 +08:00:    - Local:        http://localhost:3000
2026-08-03 19:30:25 +08:00:    - Network:      http://192.168.2.4:3000
2026-08-03 19:30:25 +08:00: 
2026-08-03 19:30:25 +08:00:  ✓ Starting...
2026-08-03 19:30:41 +08:00: 
2026-08-03 19:30:41 +08:00: > chinahuib2b@0.1.0 start
2026-08-03 19:30:41 +08:00: > next start
2026-08-03 19:30:41 +08:00: 
2026-08-03 19:30:41 +08:00:    ▲ Next.js 15.5.18
2026-08-03 19:30:41 +08:00:    - Local:        http://localhost:3000
2026-08-03 19:30:41 +08:00:    - Network:      http://192.168.2.4:3000
2026-08-03 19:30:41 +08:00: 
2026-08-03 19:30:41 +08:00:  ✓ Starting...
2026-08-03 19:30:57 +08:00: 
2026-08-03 19:30:57 +08:00: > chinahuib2b@0.1.0 start
2026-08-03 19:30:57 +08:00: > next start
2026-08-03 19:30:57 +08:00: 
2026-08-03 19:30:57 +08:00:    ▲ Next.js 15.5.18
2026-08-03 19:30:57 +08:00:    - Local:        http://localhost:3000
2026-08-03 19:30:57 +08:00:    - Network:      http://192.168.2.4:3000
2026-08-03 19:30:57 +08:00: 
2026-08-03 19:30:57 +08:00:  ✓ Starting...
2026-08-03 19:31:13 +08:00: 
2026-08-03 19:31:13 +08:00: > chinahuib2b@0.1.0 start
2026-08-03 19:31:13 +08:00: > next start
2026-08-03 19:31:13 +08:00: 
2026-08-03 19:31:13 +08:00:    ▲ Next.js 15.5.18
2026-08-03 19:31:13 +08:00:    - Local:        http://localhost:3000
2026-08-03 19:31:13 +08:00:    - Network:      http://192.168.2.4:3000
2026-08-03 19:31:13 +08:00: 
2026-08-03 19:31:13 +08:00:  ✓ Starting...
2026-08-03 19:31:28 +08:00: 
2026-08-03 19:31:28 +08:00: > chinahuib2b@0.1.0 start
2026-08-03 19:31:28 +08:00: > next start
2026-08-03 19:31:28 +08:00: 
2026-08-03 19:31:29 +08:00:    ▲ Next.js 15.5.18
2026-08-03 19:31:29 +08:00:    - Local:        http://localhost:3000
2026-08-03 19:31:29 +08:00:    - Network:      http://192.168.2.4:3000
2026-08-03 19:31:29 +08:00: 
2026-08-03 19:31:29 +08:00:  ✓ Starting...
2026-08-03 19:31:44 +08:00: 
2026-08-03 19:31:44 +08:00: > chinahuib2b@0.1.0 start
2026-08-03 19:31:44 +08:00: > next start
2026-08-03 19:31:44 +08:00: 
2026-08-03 19:31:44 +08:00:    ▲ Next.js 15.5.18
2026-08-03 19:31:44 +08:00:    - Local:        http://localhost:3000
2026-08-03 19:31:44 +08:00:    - Network:      http://192.168.2.4:3000
2026-08-03 19:31:44 +08:00: 
2026-08-03 19:31:44 +08:00:  ✓ Starting...
2026-08-03 19:32:00 +08:00: 
2026-08-03 19:32:00 +08:00: > chinahuib2b@0.1.0 start
2026-08-03 19:32:00 +08:00: > next start
2026-08-03 19:32:00 +08:00: 
2026-08-03 19:32:00 +08:00:    ▲ Next.js 15.5.18
2026-08-03 19:32:00 +08:00:    - Local:        http://localhost:3000
2026-08-03 19:32:00 +08:00:    - Network:      http://192.168.2.4:3000
2026-08-03 19:32:00 +08:00: 
2026-08-03 19:32:00 +08:00:  ✓ Starting...
2026-08-03 19:32:16 +08:00: 
2026-08-03 19:32:16 +08:00: > chinahuib2b@0.1.0 start
2026-08-03 19:32:16 +08:00: > next start
2026-08-03 19:32:16 +08:00: 
2026-08-03 19:32:16 +08:00:    ▲ Next.js 15.5.18
2026-08-03 19:32:16 +08:00:    - Local:        http://localhost:3000
2026-08-03 19:32:16 +08:00:    - Network:      http://192.168.2.4:3000
2026-08-03 19:32:16 +08:00: 
2026-08-03 19:32:16 +08:00:  ✓ Starting...
2026-08-03 19:32:32 +08:00: 
2026-08-03 19:32:32 +08:00: > chinahuib2b@0.1.0 start
2026-08-03 19:32:32 +08:00: > next start
2026-08-03 19:32:32 +08:00: 
2026-08-03 19:32:32 +08:00:    ▲ Next.js 15.5.18
2026-08-03 19:32:32 +08:00:    - Local:        http://localhost:3000
2026-08-03 19:32:32 +08:00:    - Network:      http://192.168.2.4:3000
2026-08-03 19:32:32 +08:00: 
2026-08-03 19:32:32 +08:00:  ✓ Starting...
2026-08-03 19:32:47 +08:00: 
2026-08-03 19:32:47 +08:00: > chinahuib2b@0.1.0 start
2026-08-03 19:32:47 +08:00: > next start
2026-08-03 19:32:47 +08:00: 
2026-08-03 19:32:48 +08:00:    ▲ Next.js 15.5.18
2026-08-03 19:32:48 +08:00:    - Local:        http://localhost:3000
2026-08-03 19:32:48 +08:00:    - Network:      http://192.168.2.4:3000
2026-08-03 19:32:48 +08:00: 
2026-08-03 19:32:48 +08:00:  ✓ Starting...
2026-08-03 19:33:03 +08:00: 
2026-08-03 19:33:03 +08:00: > chinahuib2b@0.1.0 start
2026-08-03 19:33:03 +08:00: > next start
2026-08-03 19:33:03 +08:00: 
2026-08-03 19:33:03 +08:00:    ▲ Next.js 15.5.18
2026-08-03 19:33:03 +08:00:    - Local:        http://localhost:3000
2026-08-03 19:33:03 +08:00:    - Network:      http://192.168.2.4:3000
2026-08-03 19:33:03 +08:00: 
2026-08-03 19:33:03 +08:00:  ✓ Starting...
2026-08-03 19:33:19 +08:00: 
2026-08-03 19:33:19 +08:00: > chinahuib2b@0.1.0 start
2026-08-03 19:33:19 +08:00: > next start
2026-08-03 19:33:19 +08:00: 
2026-08-03 19:33:19 +08:00:    ▲ Next.js 15.5.18
2026-08-03 19:33:19 +08:00:    - Local:        http://localhost:3000
2026-08-03 19:33:19 +08:00:    - Network:      http://192.168.2.4:3000
2026-08-03 19:33:19 +08:00: 
2026-08-03 19:33:19 +08:00:  ✓ Starting...
2026-08-03 19:33:35 +08:00: 
2026-08-03 19:33:35 +08:00: > chinahuib2b@0.1.0 start
2026-08-03 19:33:35 +08:00: > next start
2026-08-03 19:33:35 +08:00: 
2026-08-03 19:33:35 +08:00:    ▲ Next.js 15.5.18
2026-08-03 19:33:35 +08:00:    - Local:        http://localhost:3000
2026-08-03 19:33:35 +08:00:    - Network:      http://192.168.2.4:3000
2026-08-03 19:33:35 +08:00: 
2026-08-03 19:33:35 +08:00:  ✓ Starting...
2026-08-03 19:33:50 +08:00: 
2026-08-03 19:33:50 +08:00: > chinahuib2b@0.1.0 start
2026-08-03 19:33:50 +08:00: > next start
2026-08-03 19:33:50 +08:00: 
2026-08-03 19:33:51 +08:00:    ▲ Next.js 15.5.18
2026-08-03 19:33:51 +08:00:    - Local:        http://localhost:3000
2026-08-03 19:33:51 +08:00:    - Network:      http://192.168.2.4:3000
2026-08-03 19:33:51 +08:00: 
2026-08-03 19:33:51 +08:00:  ✓ Starting...
2026-08-03 19:34:06 +08:00: 
2026-08-03 19:34:06 +08:00: > chinahuib2b@0.1.0 start
2026-08-03 19:34:06 +08:00: > next start
2026-08-03 19:34:06 +08:00: 
2026-08-03 19:34:07 +08:00:    ▲ Next.js 15.5.18
2026-08-03 19:34:07 +08:00:    - Local:        http://localhost:3000
2026-08-03 19:34:07 +08:00:    - Network:      http://192.168.2.4:3000
2026-08-03 19:34:07 +08:00: 
2026-08-03 19:34:07 +08:00:  ✓ Starting...
2026-08-03 19:34:22 +08:00: 
2026-08-03 19:34:22 +08:00: > chinahuib2b@0.1.0 start
2026-08-03 19:34:22 +08:00: > next start
2026-08-03 19:34:22 +08:00: 
2026-08-03 19:34:22 +08:00:    ▲ Next.js 15.5.18
2026-08-03 19:34:22 +08:00:    - Local:        http://localhost:3000
2026-08-03 19:34:22 +08:00:    - Network:      http://192.168.2.4:3000
2026-08-03 19:34:22 +08:00: 
2026-08-03 19:34:22 +08:00:  ✓ Starting...
2026-08-03 19:34:38 +08:00: 
2026-08-03 19:34:38 +08:00: > chinahuib2b@0.1.0 start
2026-08-03 19:34:38 +08:00: > next start
2026-08-03 19:34:38 +08:00: 
2026-08-03 19:34:38 +08:00:    ▲ Next.js 15.5.18
2026-08-03 19:34:38 +08:00:    - Local:        http://localhost:3000
2026-08-03 19:34:38 +08:00:    - Network:      http://192.168.2.4:3000
2026-08-03 19:34:38 +08:00: 
2026-08-03 19:34:38 +08:00:  ✓ Starting...
2026-08-03 19:35:16 +08:00: 
2026-08-03 19:35:16 +08:00: > chinahuib2b@0.1.0 start
2026-08-03 19:35:16 +08:00: > next start
2026-08-03 19:35:16 +08:00: 
2026-08-03 19:35:17 +08:00:    ▲ Next.js 15.5.18
2026-08-03 19:35:17 +08:00:    - Local:        http://localhost:3000
2026-08-03 19:35:17 +08:00: 
2026-08-03 19:35:17 +08:00:  ✓ Starting...
2026-08-03 19:35:20 +08:00: 
2026-08-03 19:35:20 +08:00: > chinahuib2b@0.1.0 start
2026-08-03 19:35:20 +08:00: > next start
2026-08-03 19:35:20 +08:00: 
2026-08-03 19:35:20 +08:00:    ▲ Next.js 15.5.18
2026-08-03 19:35:20 +08:00:    - Local:        http://localhost:3000
2026-08-03 19:35:20 +08:00:    - Network:      http://192.168.2.4:3000
2026-08-03 19:35:20 +08:00: 
2026-08-03 19:35:20 +08:00:  ✓ Starting...
2026-08-03 19:35:22 +08:00: 
2026-08-03 19:35:22 +08:00: > chinahuib2b@0.1.0 start
2026-08-03 19:35:22 +08:00: > next start
2026-08-03 19:35:22 +08:00: 
2026-08-03 19:35:22 +08:00:    ▲ Next.js 15.5.18
2026-08-03 19:35:22 +08:00:    - Local:        http://localhost:3000
2026-08-03 19:35:22 +08:00:    - Network:      http://192.168.2.4:3000
2026-08-03 19:35:22 +08:00: 
2026-08-03 19:35:22 +08:00:  ✓ Starting...
2026-08-03 19:35:25 +08:00: 
2026-08-03 19:35:25 +08:00: > chinahuib2b@0.1.0 start
2026-08-03 19:35:25 +08:00: > next start
2026-08-03 19:35:25 +08:00: 
2026-08-03 19:35:25 +08:00:    ▲ Next.js 15.5.18
2026-08-03 19:35:25 +08:00:    - Local:        http://localhost:3000
2026-08-03 19:35:25 +08:00:    - Network:      http://192.168.2.4:3000
2026-08-03 19:35:25 +08:00: 
2026-08-03 19:35:25 +08:00:  ✓ Starting...
2026-08-03 19:35:29 +08:00: 
2026-08-03 19:35:29 +08:00: > chinahuib2b@0.1.0 start
2026-08-03 19:35:29 +08:00: > next start
2026-08-03 19:35:29 +08:00: 
2026-08-03 19:35:29 +08:00:    ▲ Next.js 15.5.18
2026-08-03 19:35:29 +08:00:    - Local:        http://localhost:3000
2026-08-03 19:35:29 +08:00:    - Network:      http://192.168.2.4:3000
2026-08-03 19:35:29 +08:00: 
2026-08-03 19:35:29 +08:00:  ✓ Starting...
2026-08-03 19:35:35 +08:00: 
2026-08-03 19:35:35 +08:00: > chinahuib2b@0.1.0 start
2026-08-03 19:35:35 +08:00: > next start
2026-08-03 19:35:35 +08:00: 
2026-08-03 19:35:35 +08:00:    ▲ Next.js 15.5.18
2026-08-03 19:35:35 +08:00:    - Local:        http://localhost:3000
2026-08-03 19:35:35 +08:00:    - Network:      http://192.168.2.4:3000
2026-08-03 19:35:35 +08:00: 
2026-08-03 19:35:35 +08:00:  ✓ Starting...
2026-08-03 19:35:43 +08:00: 
2026-08-03 19:35:43 +08:00: > chinahuib2b@0.1.0 start
2026-08-03 19:35:43 +08:00: > next start
2026-08-03 19:35:43 +08:00: 
2026-08-03 19:35:44 +08:00:    ▲ Next.js 15.5.18
2026-08-03 19:35:44 +08:00:    - Local:        http://localhost:3000
2026-08-03 19:35:44 +08:00:    - Network:      http://192.168.2.4:3000
2026-08-03 19:35:44 +08:00: 
2026-08-03 19:35:44 +08:00:  ✓ Starting...
2026-08-03 19:35:56 +08:00: 
2026-08-03 19:35:56 +08:00: > chinahuib2b@0.1.0 start
2026-08-03 19:35:56 +08:00: > next start
2026-08-03 19:35:56 +08:00: 
2026-08-03 19:35:56 +08:00:    ▲ Next.js 15.5.18
2026-08-03 19:35:56 +08:00:    - Local:        http://localhost:3000
2026-08-03 19:35:56 +08:00:    - Network:      http://192.168.2.4:3000
2026-08-03 19:35:56 +08:00: 
2026-08-03 19:35:56 +08:00:  ✓ Starting...
2026-08-03 19:36:11 +08:00: 
2026-08-03 19:36:11 +08:00: > chinahuib2b@0.1.0 start
2026-08-03 19:36:11 +08:00: > next start
2026-08-03 19:36:11 +08:00: 
2026-08-03 19:36:12 +08:00:    ▲ Next.js 15.5.18
2026-08-03 19:36:12 +08:00:    - Local:        http://localhost:3000
2026-08-03 19:36:12 +08:00:    - Network:      http://192.168.2.4:3000
2026-08-03 19:36:12 +08:00: 
2026-08-03 19:36:12 +08:00:  ✓ Starting...
2026-08-03 19:36:27 +08:00: 
2026-08-03 19:36:27 +08:00: > chinahuib2b@0.1.0 start
2026-08-03 19:36:27 +08:00: > next start
2026-08-03 19:36:27 +08:00: 
2026-08-03 19:36:28 +08:00:    ▲ Next.js 15.5.18
2026-08-03 19:36:28 +08:00:    - Local:        http://localhost:3000
2026-08-03 19:36:28 +08:00:    - Network:      http://192.168.2.4:3000
2026-08-03 19:36:28 +08:00: 
2026-08-03 19:36:28 +08:00:  ✓ Starting...
2026-08-03 19:36:43 +08:00: 
2026-08-03 19:36:43 +08:00: > chinahuib2b@0.1.0 start
2026-08-03 19:36:43 +08:00: > next start
2026-08-03 19:36:43 +08:00: 
2026-08-03 19:36:43 +08:00:    ▲ Next.js 15.5.18
2026-08-03 19:36:43 +08:00:    - Local:        http://localhost:3000
2026-08-03 19:36:43 +08:00:    - Network:      http://192.168.2.4:3000
2026-08-03 19:36:43 +08:00: 
2026-08-03 19:36:43 +08:00:  ✓ Starting...
2026-08-03 19:36:59 +08:00: 
2026-08-03 19:36:59 +08:00: > chinahuib2b@0.1.0 start
2026-08-03 19:36:59 +08:00: > next start
2026-08-03 19:36:59 +08:00: 
2026-08-03 19:36:59 +08:00:    ▲ Next.js 15.5.18
2026-08-03 19:36:59 +08:00:    - Local:        http://localhost:3000
2026-08-03 19:36:59 +08:00:    - Network:      http://192.168.2.4:3000
2026-08-03 19:36:59 +08:00: 
2026-08-03 19:36:59 +08:00:  ✓ Starting...
2026-08-03 19:37:15 +08:00: 
2026-08-03 19:37:15 +08:00: > chinahuib2b@0.1.0 start
2026-08-03 19:37:15 +08:00: > next start
2026-08-03 19:37:15 +08:00: 
2026-08-03 19:37:15 +08:00:    ▲ Next.js 15.5.18
2026-08-03 19:37:15 +08:00:    - Local:        http://localhost:3000
2026-08-03 19:37:15 +08:00:    - Network:      http://192.168.2.4:3000
2026-08-03 19:37:15 +08:00: 
2026-08-03 19:37:15 +08:00:  ✓ Starting...
2026-08-03 19:37:31 +08:00: 
2026-08-03 19:37:31 +08:00: > chinahuib2b@0.1.0 start
2026-08-03 19:37:31 +08:00: > next start
2026-08-03 19:37:31 +08:00: 
2026-08-03 19:37:31 +08:00:    ▲ Next.js 15.5.18
2026-08-03 19:37:31 +08:00:    - Local:        http://localhost:3000
2026-08-03 19:37:31 +08:00:    - Network:      http://192.168.2.4:3000
2026-08-03 19:37:31 +08:00: 
2026-08-03 19:37:31 +08:00:  ✓ Starting...
2026-08-03 19:37:47 +08:00: 
2026-08-03 19:37:47 +08:00: > chinahuib2b@0.1.0 start
2026-08-03 19:37:47 +08:00: > next start
2026-08-03 19:37:47 +08:00: 
2026-08-03 19:37:47 +08:00:    ▲ Next.js 15.5.18
2026-08-03 19:37:47 +08:00:    - Local:        http://localhost:3000
2026-08-03 19:37:47 +08:00:    - Network:      http://192.168.2.4:3000
2026-08-03 19:37:47 +08:00: 
2026-08-03 19:37:47 +08:00:  ✓ Starting...
2026-08-03 19:38:03 +08:00: 
2026-08-03 19:38:03 +08:00: > chinahuib2b@0.1.0 start
2026-08-03 19:38:03 +08:00: > next start
2026-08-03 19:38:03 +08:00: 
2026-08-03 19:38:03 +08:00:    ▲ Next.js 15.5.18
2026-08-03 19:38:03 +08:00:    - Local:        http://localhost:3000
2026-08-03 19:38:03 +08:00:    - Network:      http://192.168.2.4:3000
2026-08-03 19:38:03 +08:00: 
2026-08-03 19:38:03 +08:00:  ✓ Starting...
2026-08-03 19:38:18 +08:00: 
2026-08-03 19:38:18 +08:00: > chinahuib2b@0.1.0 start
2026-08-03 19:38:18 +08:00: > next start
2026-08-03 19:38:18 +08:00: 
2026-08-03 19:38:19 +08:00:    ▲ Next.js 15.5.18
2026-08-03 19:38:19 +08:00:    - Local:        http://localhost:3000
2026-08-03 19:38:19 +08:00:    - Network:      http://192.168.2.4:3000
2026-08-03 19:38:19 +08:00: 
2026-08-03 19:38:19 +08:00:  ✓ Starting...
2026-08-03 19:38:34 +08:00: 
2026-08-03 19:38:34 +08:00: > chinahuib2b@0.1.0 start
2026-08-03 19:38:34 +08:00: > next start
2026-08-03 19:38:34 +08:00: 
2026-08-03 19:38:34 +08:00:    ▲ Next.js 15.5.18
2026-08-03 19:38:34 +08:00:    - Local:        http://localhost:3000
2026-08-03 19:38:34 +08:00:    - Network:      http://192.168.2.4:3000
2026-08-03 19:38:34 +08:00: 
2026-08-03 19:38:34 +08:00:  ✓ Starting...
2026-08-03 19:38:50 +08:00: 
2026-08-03 19:38:50 +08:00: > chinahuib2b@0.1.0 start
2026-08-03 19:38:50 +08:00: > next start
2026-08-03 19:38:50 +08:00: 
2026-08-03 19:38:50 +08:00:    ▲ Next.js 15.5.18
2026-08-03 19:38:50 +08:00:    - Local:        http://localhost:3000
2026-08-03 19:38:50 +08:00:    - Network:      http://192.168.2.4:3000
2026-08-03 19:38:50 +08:00: 
2026-08-03 19:38:50 +08:00:  ✓ Starting...
2026-08-03 19:39:06 +08:00: 
2026-08-03 19:39:06 +08:00: > chinahuib2b@0.1.0 start
2026-08-03 19:39:06 +08:00: > next start
2026-08-03 19:39:06 +08:00: 
2026-08-03 19:39:06 +08:00:    ▲ Next.js 15.5.18
2026-08-03 19:39:06 +08:00:    - Local:        http://localhost:3000
2026-08-03 19:39:06 +08:00:    - Network:      http://192.168.2.4:3000
2026-08-03 19:39:06 +08:00: 
2026-08-03 19:39:06 +08:00:  ✓ Starting...
2026-08-03 19:39:22 +08:00: 
2026-08-03 19:39:22 +08:00: > chinahuib2b@0.1.0 start
2026-08-03 19:39:22 +08:00: > next start
2026-08-03 19:39:22 +08:00: 
2026-08-03 19:39:22 +08:00:    ▲ Next.js 15.5.18
2026-08-03 19:39:22 +08:00:    - Local:        http://localhost:3000
2026-08-03 19:39:22 +08:00:    - Network:      http://192.168.2.4:3000
2026-08-03 19:39:22 +08:00: 
2026-08-03 19:39:22 +08:00:  ✓ Starting...
2026-08-03 19:39:37 +08:00: 
2026-08-03 19:39:37 +08:00: > chinahuib2b@0.1.0 start
2026-08-03 19:39:37 +08:00: > next start
2026-08-03 19:39:37 +08:00: 
2026-08-03 19:39:38 +08:00:    ▲ Next.js 15.5.18
2026-08-03 19:39:38 +08:00:    - Local:        http://localhost:3000
2026-08-03 19:39:38 +08:00:    - Network:      http://192.168.2.4:3000
2026-08-03 19:39:38 +08:00: 
2026-08-03 19:39:38 +08:00:  ✓ Starting...
2026-08-03 19:39:53 +08:00: 
2026-08-03 19:39:53 +08:00: > chinahuib2b@0.1.0 start
2026-08-03 19:39:53 +08:00: > next start
2026-08-03 19:39:53 +08:00: 
2026-08-03 19:39:53 +08:00:    ▲ Next.js 15.5.18
2026-08-03 19:39:53 +08:00:    - Local:        http://localhost:3000
2026-08-03 19:39:53 +08:00:    - Network:      http://192.168.2.4:3000
2026-08-03 19:39:53 +08:00: 
2026-08-03 19:39:53 +08:00:  ✓ Starting...
2026-08-03 19:40:09 +08:00: 
2026-08-03 19:40:09 +08:00: > chinahuib2b@0.1.0 start
2026-08-03 19:40:09 +08:00: > next start
2026-08-03 19:40:09 +08:00: 
2026-08-03 19:40:09 +08:00:    ▲ Next.js 15.5.18
2026-08-03 19:40:09 +08:00:    - Local:        http://localhost:3000
2026-08-03 19:40:09 +08:00:    - Network:      http://192.168.2.4:3000
2026-08-03 19:40:09 +08:00: 
2026-08-03 19:40:09 +08:00:  ✓ Starting...
2026-08-03 19:40:25 +08:00: 
2026-08-03 19:40:25 +08:00: > chinahuib2b@0.1.0 start
2026-08-03 19:40:25 +08:00: > next start
2026-08-03 19:40:25 +08:00: 
2026-08-03 19:40:25 +08:00:    ▲ Next.js 15.5.18
2026-08-03 19:40:25 +08:00:    - Local:        http://localhost:3000
2026-08-03 19:40:25 +08:00:    - Network:      http://192.168.2.4:3000
2026-08-03 19:40:25 +08:00: 
2026-08-03 19:40:25 +08:00:  ✓ Starting...
2026-08-03 19:40:41 +08:00: 
2026-08-03 19:40:41 +08:00: > chinahuib2b@0.1.0 start
2026-08-03 19:40:41 +08:00: > next start
2026-08-03 19:40:41 +08:00: 
2026-08-03 19:40:41 +08:00:    ▲ Next.js 15.5.18
2026-08-03 19:40:41 +08:00:    - Local:        http://localhost:3000
2026-08-03 19:40:41 +08:00:    - Network:      http://192.168.2.4:3000
2026-08-03 19:40:41 +08:00: 
2026-08-03 19:40:41 +08:00:  ✓ Starting...
2026-08-03 19:40:56 +08:00: 
2026-08-03 19:40:56 +08:00: > chinahuib2b@0.1.0 start
2026-08-03 19:40:56 +08:00: > next start
2026-08-03 19:40:56 +08:00: 
2026-08-03 19:40:57 +08:00:    ▲ Next.js 15.5.18
2026-08-03 19:40:57 +08:00:    - Local:        http://localhost:3000
2026-08-03 19:40:57 +08:00:    - Network:      http://192.168.2.4:3000
2026-08-03 19:40:57 +08:00: 
2026-08-03 19:40:57 +08:00:  ✓ Starting...
2026-08-03 19:41:12 +08:00: 
2026-08-03 19:41:12 +08:00: > chinahuib2b@0.1.0 start
2026-08-03 19:41:12 +08:00: > next start
2026-08-03 19:41:12 +08:00: 
2026-08-03 19:41:13 +08:00:    ▲ Next.js 15.5.18
2026-08-03 19:41:13 +08:00:    - Local:        http://localhost:3000
2026-08-03 19:41:13 +08:00:    - Network:      http://192.168.2.4:3000
2026-08-03 19:41:13 +08:00: 
2026-08-03 19:41:13 +08:00:  ✓ Starting...
2026-08-03 19:41:28 +08:00: 
2026-08-03 19:41:28 +08:00: > chinahuib2b@0.1.0 start
2026-08-03 19:41:28 +08:00: > next start
2026-08-03 19:41:28 +08:00: 
2026-08-03 19:41:28 +08:00:    ▲ Next.js 15.5.18
2026-08-03 19:41:28 +08:00:    - Local:        http://localhost:3000
2026-08-03 19:41:28 +08:00:    - Network:      http://192.168.2.4:3000
2026-08-03 19:41:28 +08:00: 
2026-08-03 19:41:28 +08:00:  ✓ Starting...
2026-08-03 19:41:44 +08:00: 
2026-08-03 19:41:44 +08:00: > chinahuib2b@0.1.0 start
2026-08-03 19:41:44 +08:00: > next start
2026-08-03 19:41:44 +08:00: 
2026-08-03 19:41:44 +08:00:    ▲ Next.js 15.5.18
2026-08-03 19:41:44 +08:00:    - Local:        http://localhost:3000
2026-08-03 19:41:44 +08:00:    - Network:      http://192.168.2.4:3000
2026-08-03 19:41:44 +08:00: 
2026-08-03 19:41:44 +08:00:  ✓ Starting...
2026-08-03 19:42:00 +08:00: 
2026-08-03 19:42:00 +08:00: > chinahuib2b@0.1.0 start
2026-08-03 19:42:00 +08:00: > next start
2026-08-03 19:42:00 +08:00: 
2026-08-03 19:42:00 +08:00:    ▲ Next.js 15.5.18
2026-08-03 19:42:00 +08:00:    - Local:        http://localhost:3000
2026-08-03 19:42:00 +08:00:    - Network:      http://192.168.2.4:3000
2026-08-03 19:42:00 +08:00: 
2026-08-03 19:42:00 +08:00:  ✓ Starting...
2026-08-03 19:42:16 +08:00: 
2026-08-03 19:42:16 +08:00: > chinahuib2b@0.1.0 start
2026-08-03 19:42:16 +08:00: > next start
2026-08-03 19:42:16 +08:00: 
2026-08-03 19:42:16 +08:00:    ▲ Next.js 15.5.18
2026-08-03 19:42:16 +08:00:    - Local:        http://localhost:3000
2026-08-03 19:42:16 +08:00:    - Network:      http://192.168.2.4:3000
2026-08-03 19:42:16 +08:00: 
2026-08-03 19:42:16 +08:00:  ✓ Starting...
2026-08-03 19:42:17 +08:00: 
2026-08-03 19:42:17 +08:00: > chinahuib2b@0.1.0 start
2026-08-03 19:42:17 +08:00: > next start
2026-08-03 19:42:17 +08:00: 
2026-08-03 19:42:18 +08:00:    ▲ Next.js 15.5.18
2026-08-03 19:42:18 +08:00:    - Local:        http://localhost:3000
2026-08-03 19:42:18 +08:00:    - Network:      http://192.168.2.4:3000
2026-08-03 19:42:18 +08:00: 
2026-08-03 19:42:18 +08:00:  ✓ Starting...
